species	DMG2400368	DMG2400338	DMG2400367	DMG2400339	DMG2400369	DMG2400340	DMG2400341	DMG2400342	DMG2400343	DMG2400344	DMG2400345	DMG2400346	DMG2400347	DMG2400348	DMG2400349	DMG2400350	DMG2400351	DMG2400352	DMG2400353	DMG2400354	DMG2400355	DMG2400356	DMG2400357	DMG2400358	DMG2400359	DMG2400360	DMG2400361	DMG2400362	DMG2400363	DMG2400364	DMG2400365	DMG2400366
Acetanaerobacterium elongatum																				0.0006261877229678			0.0004181533073997		2.2212653064944865e-05							
Acetatifactor muris		0.0007102678880566	0.0014144181454193	0.0007089691263833		0.0046401221245979	0.0065701996618121	0.0013895910013978	0.0007590272276822	0.0015784177020816	0.0027991660597065	0.0020933020455848	0.0013048142775459	0.0015577871946215	0.0039036756705984	0.0013324908069152	0.0003398975049351	0.0008934687441824	0.0013715125558043	0.0023906168203205	0.0016434677858107	0.0021656252114868	0.0038306135869694	0.0017821794640378	0.0043418299837706	0.0020064553293735		0.0006618477939122	0.0008672143175433	0.0020131257246191	0.0004846342673615	0.0004411865087003
Acetitomaculum ruminis		0.0005798649422918		7.45311762692033e-05		0.0001258613735578		0.0017807502081622				0.0006029798195494	0.0007937205857329	0.0008030660950546		0.001240218239511		0.0022153912755411			0.0026252763945832			0.0021773502860443	0.0002147073610992	0.0059665714698403						6.854479843318976e-05
Acetivibrio ethanolgignens		0.0004865156736873	0.0005166307576832	0.0001292308556345		0.0003887914582449	0.0003620277522711	0.0008062341927843	0.0001422874313234	0.0003050220622068	0.0003459945505998	0.0006825401680617	0.0005890469884999	0.0007425979910423	0.0004287863140797	0.0006855868024314	0.0001750321202993	0.0006548346505425	0.0003021440158838	0.0009804397902344	0.0009600347566954	0.0004531235854118	0.0004324827654016	0.0011263992710864	0.0003697718307461	0.001408633864351						8.636097160045685e-05
Acutalibacter muris		0.0006667433120313	0.0021068943960134	0.0004741901584458		0.0034006618182522	0.0053519183591938	0.0024207243117518	0.000671167367146	0.0017706412635114	0.0011900936443455	0.0022274315848627	0.0013546348497153	0.0012356235235106	0.0038337963596161	0.0009510726292087	0.0004380221351848	0.0010613226032421	0.0004564615757248	0.0009953746620982	0.0010093770546784	0.001628308892714	0.0034036483887562	0.001561396023016	0.0034124639063633	0.0015265142656502		0.0049980190274514	0.0007562109924464	0.0083642614368755	0.0004391182464029	0.0011300648560507
Adlercreutzia equolifaciens				5.786212031094784e-05		9.3860153412292e-05					9.715552690331e-05	8.156340357564895e-05													3.093275190417432e-05		0.0003759603676183					
Adlercreutzia muris		0.0001350318992845		0.0001114513917283		0.0001412515893992			7.831230951403654e-05		0.0001545472457501	7.612584690004676e-05					6.060606812185591e-05								4.4056685265981525e-05		0.0004036762817246					
Agathobaculum butyriciproducens		0.0001962766612292	0.0006997904042529	0.0001171778345872		0.0003990617861804	0.0015843871818238	0.0002646218397837	0.0001613200178739	0.000365468825854	0.0004808218111747	0.0005910121317978	0.00013697874385	0.0004748351319044	0.0010980519690538	0.0003172901465945	0.0001708359100755		0.0003487059829899	0.0006770370861662		0.0006594363200956	0.0007091537227704	0.0005986887509339	0.0005968582790731					0.0003699025525657		0.0001599791889433
Agathobaculum desmolans			0.0002195607108984			0.000173603650704	0.0006254242059309	0.0001093891620028			9.793885131452216e-05	9.324896337127425e-05	8.238273445855632e-05	0.0001104216757802	0.0003901888966276	0.0001015430623191						0.0002315113743029			0.000225226965417							
Akkermansia muciniphila		0.0047866673735366	0.0073794686782551	0.0009032063826584			8.558163418130469e-05	0.0003691824915203	7.228828568330503e-05	0.0041712107796649		0.0013376368183584		0.0007003184719264	0.000719212788911	6.587940774412438e-05	0.0047304616296584			0.0357019282187884	0.000797043692486		0.0035311112294392	0.0014758709030659	0.0018274516726759		0.0030025199703947	0.0011633440854529	0.0070117183484697	0.0309873859520252	0.1751739316886699	0.0060455135310031
Alistipes communis		8.746499732200146e-05		0.00010096599397				0.0001213355700477			0.0001425079565946			6.064851448860281e-05		7.136935838953884e-05									6.070470014727794e-05							3.901677249428927e-05
Alistipes dispar		0.0015879811859807	0.000290348330581	0.000941231803606		0.0005649207443473	0.0001297948462565	0.0003741387822623	0.0003724948164156	0.0003539190219756	0.0010473107201543	0.0002214234960752	0.0001579708936764	0.0005638632380056	0.0002024572007032	0.0003945957448598	0.0005631326660315	0.0008934687434851	0.0011652884670684	0.000744093528306	0.0005262956459549	0.0006700943438336	0.0005349979352976	0.0006422441583894	0.0006741043490794	0.0009727679122373	0.0004021399664205	0.0016711038437052				6.458695867696813e-05
Alistipes finegoldii		0.0002084786195222		0.0001395171013405		8.466370041223697e-05	8.016550691983323e-05				0.0001378129381625			9.67376601829061e-05		6.314511235312379e-05	8.062883592924279e-05								0.0001046202729444							
Alistipes onderdonkii								9.054786453190831e-05																	1.858579502921089e-05							
Alistipes putredinis	0.0003336603647123	0.0008003162039041	0.0002426132961818	0.0005001014464541		0.0005083074946458	9.670722513206068e-05	0.0005678546044783	0.0001814653016804	0.0002564977201003	0.0005658142996052	0.0001156936778909	7.021672345946114e-05	0.0004146539830311	0.0001244570560607	0.0003162936145051	0.0002910654776638		0.0007496810188851	0.0005140051746989	0.000402298292528	0.0003429539142806		0.000471620674113	0.0003902118512336	0.0008511190578262		0.0005235053479417				0.0002096825831979
Alistipes senegalensis				5.519665058216706e-05																					2.1167792282869305e-05							
Alloprevotella rava																		0.0004243883687037														
Alloprevotella sp. E39																		0.0005694851777017														
Amedibacillus dolichus		8.200867532320634e-05				6.049821822652108e-05		9.538641456566684e-05			0.0001507848428277		9.100958792388268e-05																			
Aminipila butyrica			0.0004553473364616			0.0002579466245884	0.0003132474266926	0.0001778795404964	8.047780873535039e-05	0.0001510440853886	0.000217407957657	0.0002482433328213	0.000290067932652	0.0001900886681836	0.0002609357366668	0.0001370170559208						0.0005439543422223	0.0005075337930047		0.0003292040000098			0.0003238812440353			0.0005965629637934	0.000120259262018
Aminipila sp. JN-18			0.0004485214309996			0.0002527729662594	0.0003359986720358	0.0003441699236955	0.0001200912976343		0.0002623548637653	0.0002418622458495	0.0002264126950373	0.0002734568015535	0.0001765445772932	0.000125898871497						0.0004457932058369	0.0004933349006526	0.0009722533492421	0.0002583454937123			0.0004959751635553		0.0011528825532611		0.0004976023252324
Anabaena cylindrica																									3.8244929539288926e-05							
Anaerobacterium chartisolvens	0.0002846865761275	0.0015135494270448	0.0015589818189554	0.0002788359239371		0.0004332742094809	0.0003497811103931	0.000139961682242	0.000601373914132	0.0062320139862293	0.0005119499013914	0.0033489344336613	0.0002721498726712	0.005806949773565	0.0008712488501751	0.0006606363368504	0.0019123011134745	0.000678730829951	0.0010247800055032	0.0025656788062235	0.0014707872024892	0.0172139702957664	0.0066654334345553	0.0090734620933768	0.002703909131118	0.0019487416661668	0.0017912980058903		0.0027125624588677	0.0017900138196614	0.001942991974839	0.0014998440825058
Anaerobutyricum hallii		0.0006233397439006	0.0003426768064978	0.0004927101717824		0.0004300906598579	0.0031706718557357	0.0004893177032067	0.0006781215668236	0.0006680123724742	0.0012865296463518	0.0013957252687665	0.0010083511049819	0.0010037537447915	0.0010658996859616	0.0005963861576418	0.0001634068584668	0.0011461002192922	0.0004472807278419	0.0005121878900292	0.0011752253837757	0.000746963387732	0.0007007500967073	0.0007642689918892	0.0012854381100441	0.0018097623980274						0.000202374593147
Anaerococcus mediterraneensis																									2.599168314360405e-05							
Anaerococcus prevotii																									1.48349722550772e-05							
Anaerocolumna aminovalerica		0.0001144634912049		8.433916997768281e-05		0.00021920158867	0.0008644425805987	0.0003502108501277		0.0002068346935143	0.0003548047627592	0.000346900324782	0.0003706617777216	0.0003283827302841	0.0005906048748655	0.0001962581184901	0.0001192707637061	0.0004986750636832				0.0004396887805672	0.0003589637316928	0.000326717413596	0.0003081041343101	0.0004735742586374			0.0002808608341331			5.3529332964128025e-05
Anaerocolumna cellulosilytica	0.0003881286622109	0.0009772927601829	0.0040974095390287	0.0006496814155497		0.0113357681469576	0.0143152462178999	0.0074915520979072	0.00338308227195	0.001780802060225	0.0016998005622784	0.0064531575257248	0.0060237597135487	0.0017056341479533	0.0120686220789871	0.0014196699149724	0.0039116339438987	0.0034322841943772	0.0040287940786819	0.010478671416988	0.0016186579004097	0.0082101326785735	0.0084347762418479	0.0021290985021834	0.0071503772819253	0.0024417657016945	0.0008121684149318	0.0006316600189026	0.00063650925019	0.0007027212353028	0.0011167988430467	0.0006476133130793
Anaerocolumna jejuensis						8.703180470490423e-05	7.518090015997695e-05				9.51646770134086e-05														3.948456814006891e-05							
Anaerocolumna xylanovorans		0.0002667750967499	0.0002725581925464	0.0001405458296144		0.0009731092853293	0.0006670657807111	0.0012066012032066	0.0003689403398619	0.0004441734263704	0.0002447360284358	0.000585199795631	0.0002130865024311	0.0005012098053475	0.0009613423725235	0.000263195369315	0.0002363486245061		0.00037241128608	0.0010555499836709	0.0003635238115749	0.0005865549831461	0.0010148122522455	0.0005869594701784	0.0007370917315282	0.0003234909440946		0.0005813117678845	0.0005419394114526	0.0003860968383274	0.0003257624009958	4.52849418071344e-05
Anaerofustis stercorihominis						0.0001057367374943		0.0001730542929001			0.000123070545332	8.156340739290724e-05	9.425164194785616e-05	5.514320690834096e-05	9.153633868647688e-05	6.587940774412438e-05	7.267510518612675e-05						0.0003210101118731		2.965437822182464e-05			0.0005023531278092		0.0004801690618984		0.0001843904565589
Anaeromassilibacillus senegalensis	0.0006280566935472		0.0009365502022021			0.0003457789412076	0.0007462199667911	0.0002838825915085	0.0001362502653914	0.0002424006322674	0.0003089442254585	0.0003415870371265	0.0001899216011675	0.000196417195095	0.000437129959415	0.0001458145644009	0.0001578187335408			0.0007192359726971	0.0003140130455278		0.0008488669846371		0.0003820766768818			0.0008700706894423	0.0003706890589965	0.0007007269374285		0.000424967033921
Anaerostipes butyraticus		0.0003596702374944	0.0006317838610647	8.019563233169204e-05		0.0005539221315147	0.0011534450424321	0.0009728934089044	0.000245234447922	0.0002534242384454	0.0004263397120947	0.0008091144881646	0.0005848033072952	0.0004731653784251	0.0008521741489025	0.0006029932544937	0.0002042294283048	0.0007709307679256	0.0002882213918146	0.0005675329438192	0.0005462417293916	0.000376158715121	0.0006599857088834	0.0008708329150305	0.0004383900725173	0.001485878678352					0.0003031417732176	7.596744026690701e-05
Anaerostipes hadrus		0.0010202257428646	0.0014677377142228	0.0003614669557052		0.0009349494378328	0.0016781747187687	0.0037225864895729	0.0003801298015423	0.0010324862981159	0.0016926669623585	0.0015076517305412	0.0011518051961533	0.0014455456519311	0.0013506940771626	0.0021120308987156	0.0002920480193589	0.002910322170132	0.000481118724367	0.0023659518501797	0.002802590651783	0.0010811114892063	0.0017975999862772	0.002123385228471	0.0012879455925269	0.0044026523611322			0.00100306032014	0.0025489970295862	0.0022773053989083	0.000296054260055
Anaerostipes rhamnosivorans		0.0004262026137132	0.000653885190481	0.0001333435320098		0.0006383793147411	0.0012828794667404	0.0022331619094263	0.0001510005932731	0.0004913783751326	0.0007614910420359	0.0007092312119772	0.0003259887550558	0.000653405804829	0.0008305886584054	0.0003395647205504	0.0001972610543778	0.000637195234658	0.000351340158099	0.0010496597419714		0.0009836064958499	0.0005222683473954		0.0007878183394179	0.0004895954891474				0.0004785948734253	0.0003954193514578	8.32030561729154e-05
Anaerotaenia torta	0.0003134078621048	0.003826698331041	0.0018448241884958	0.0006365385618269		0.0057284176238078	0.0167982377968898	0.00865161725132	0.0013858737613407	0.0014591684228114	0.005170292716485	0.0067723208427317	0.0056062202053276	0.0059074011779258	0.0117038586546483	0.0067560565875502	0.0023709610562431	0.0081715072494818	0.0021016570918767	0.0084605973469002	0.0099950384235006	0.0077995733019375	0.0092857254381241	0.0089811994629496	0.012794132044548	0.0221891755766565	0.0011657015444171	0.0008343136542549	0.0008927653588047	0.0015592607428757	0.0012644961955724	0.000658384721969
Anaerotignum aminivorans	0.0003140333660451	0.0013706464196758	0.0020697171501039	0.0005642204601328		0.0036966737612927	0.000610922106586	0.0009859755278567	0.0004540354153135	0.0004927455593607	0.0011033750639696	0.0018755920959562	0.0008654273792571	0.004552586644819	0.0030794977832271	0.0007103899581595	0.0017964381206967	0.0016340709169985	0.0018836122336838	0.0023791305382895	0.000251334514323	0.000787158009752	0.0023968865975761	0.0160999959614947	0.0002137638030868	0.0005735029509727	0.0010456015908317		0.0014999198446749	0.0005368225345216		0.0008471363288523
Anaerotignum faecicola		0.0001157590132362				0.0002897449806258	0.0001839487516048	0.0001527916895486		0.0001025752752425	0.0001403665802241	0.0001842582366667	0.0001504426095134	0.0003215355263583	0.0003709150026681	0.0001007212225801	0.0001231888214712			0.0003831179045545			0.0003825443536985	0.0006222209861246	9.2111799481329e-05							8.744675184523244e-05
Anaerotignum lactatifermentans		0.0006047867610882	0.0012045084699406	0.0002225008757707		0.0011860262027375	0.0011219466489467	0.0007136264479395	0.0003152707405617	0.0004751732123932	0.0006822547391208	0.0010875016482706	0.0005866306450317	0.001524729963252	0.0010694191792076	0.000421792971242	0.0006033847507141	0.0008080769870665	0.0004366349933169	0.0008226308442789	0.0006631939910776	0.0007919426675785	0.0009861418248568	0.0031918242990347	0.0004484196448857	0.0007221535773576			0.0005505374604372	0.0005134438624348	0.0007126974243528	0.0003392815271833
Anaerotignum propionicum						7.073106487221219e-05	0.0001195461256524					5.817166083146063e-05													8.20760830749436e-05							
Anaerotruncus colihominis			0.0002459864995533			0.0001897796473096	0.0002468388674801	0.0001275542658112		0.0001105273641482	0.0001295481768865	0.0002173389595926	5.952735333523996e-05	0.0001953695279083	0.0003376705321034	0.0001174685550393									0.0001669602004759							0.0002695458470247
Anaerotruncus rubiinfantis	0.0004618296068766	0.0011245983799796	0.0020720747741508	0.0006140473580899		0.0045739992527838	0.003953660109732	0.001686182658647	0.0011453880751057	0.0024498447143827	0.001964722159113	0.0041761126797643	0.0013526029187652	0.0052574207555025	0.0069134393998396	0.0016324477277291	0.0014247573956257	0.0026128949429085	0.0049058960516711	0.0014822371522143	0.0008444484959294	0.0037556991453928	0.0029839792721249	0.0039624671303095	0.0018131879126881	0.0021726363233473	0.0012331830601813	0.0038886732212715	0.0014414948288463	0.0043605129782914	0.0007009166227992	0.0056393389443816
Anaerovorax odorimutans						8.156016596064507e-05	0.000121970413413		6.246037489708302e-05			7.099338997429094e-05	0.0001577644231813	0.0001510072809688	0.0001251161834902								0.0003695449550647		0.0002214042069992							0.0001013781163725
Azospira sp. I09					0.0218579234972677																											
Bacillus anthracis																									2.511701692740519e-05							
Bacteroides acidifaciens	0.0022571148184475																	0.0037227922470998														0.0018495357928841
Bacteroides sp. A1C1																												0.0005283312832083				
Bacteroides uniformis	0.0003140333660447	0.0024486128448649	0.0004304690062315	0.0012323862616333		0.0004170680702084	0.0001784609356857	0.0006400301095826	0.000331324932818	0.0003897546906039	0.0010699820724886	0.000141389111777	0.0002182669602941	0.0011084603488404	0.0001634574520252	0.0003623348370255	0.0005210956124687	0.0020243522711617	0.0006533444476986	0.0005032870938172	0.0009902557434258	0.0002932617473888	0.0007490235942427	0.0006126256578764	0.0003995619328491	0.001233951652673	0.0018214148596376	0.0051917946790286	0.0006194098263175	0.0007682704340889	0.0005131421403728	0.0002683491696266
Bariatricus massiliensis		0.0007105093172289	0.0034022406230944	0.0007908665185668		0.0036251076716225	0.0080815624733944	0.0037800302218353	0.0007534243875573	0.0019027760274399	0.0032052000189944	0.0032135460652629	0.0011277910700475	0.0014364235739505	0.003090161619834	0.000998628997434	0.0005071729457703	0.001790390714532	0.0018798399256806	0.006996881871154	0.0006612403946866	0.0046434927482746	0.0031539084476627	0.0020460657701837	0.0043838749484276	0.0007372323958614			0.000710894185283	0.0015969347253644	0.0007940196753158	0.0004116768000426
Barnesiella intestinihominis		0.0008183819841806	0.0002495460735506	0.0006472375164484		0.0002517525214531	0.0001435117228048	0.0002921507922648	0.0001525108339849	0.000107295251214	0.0003730373372021	0.0001419642999617		0.0002308258519745	8.56205608106151e-05	0.0002016390647098	0.0002386104347349	0.0003718544567742			0.0005017665210788		0.000322577763884		0.0002221459824098	0.0003587045876071	0.0008866943265688	0.0006677506347374	0.000522659299297			0.0001009175312192
Barnesiella viscericola	0.000412183326192	0.0012344500824999	0.0003406136895624	0.0010531272383586		0.000460108367876	0.0003717120135988	0.0004830464562569	0.0002167615402859	0.0002892067742443	0.0005639564259615	0.0002931748815904	0.0001007167356096	0.0004677664530108	0.0001899584523059	0.0003117896445018	0.0003191959741998	0.00071502205685	0.0005563390719131	0.0007656410781875	0.0007516483694784		0.000403543735831	0.0004175979644437	0.000539374543883	0.0005104164545093	0.000719529939559	0.0016425282502972	0.0012149234806404	0.0008350919179482		0.0002182666521643
Blautia coccoides			0.0008325029966342			0.0001545015429125	0.0007394530627127	0.0001934740069399			0.0001290308842641	0.000138917468586			0.0004748365006329	8.252980849160339e-05				0.0004648007134628					0.0004720983567124			0.0003062570018262		0.0009031182208477		0.0001418261609419
Blautia glucerasea		0.0006386004976434	0.0015095194259556	0.0003243437227934		0.0015988508372757	0.0021797654098081	0.0010072246432716	0.000540282309915	0.0003883838080443	0.0012913128052269	0.001047289726799	0.0007922745115856	0.0007017896282766	0.001341973382429	0.0015490670600782	0.0006447864660795	0.0008625070999342	0.0006444780440512	0.0015426980797698	0.0009868154176855	0.001831724209208	0.0012816011755807	0.0010246545733755	0.0015119706199687	0.0013509506137732	0.0004912806584285			0.0010121636163385	0.000369885129725	0.0002658881103833
Blautia hansenii		0.0001978060771661		7.344489881529656e-05		0.0001095360766595	0.0001503171227185	0.0003900057304233	6.679050053103314e-05	0.0001222775609575	0.0002090637528874	0.0001931140157723	8.755859716521127e-05	0.0002891324136068	0.0001723715799021	0.0002480929584583	0.0001418371846677				0.0005046996622799			0.0003529282401872	0.0001978140271056	0.0003598327527558						7.736023722716274e-05
Blautia hominis	0.0006185034612303	0.0039208526738144	0.0064157726524564	0.0011519527685221		0.0038892309988079	0.0074408788796349	0.0038959427309049	0.001812488121369	0.0033520825382962	0.0049901150019882	0.0033547804429973	0.0019763146356064	0.003820269239092	0.0058059866220878	0.005361927805494	0.003025917129706	0.0048909366527322	0.0027789211557492	0.0081107737580462	0.0035879631955302	0.0068595203343458	0.004718477415232	0.0083557077268935	0.0066449791169407	0.0053407321557814	0.0022244862600315	0.0012593659378932	0.001977793385517	0.0060803695838669	0.0031716399391513	0.0020262928560711
Blautia hydrogenotrophica			0.0002609766741854			0.0001625563170218	0.0003732535771948	0.000344713250859		6.860462786363609e-05	0.0002020178917192	0.0001547207241235	7.119521366093131e-05	0.0001700479158357	0.0002969291943513	5.822195533163911e-05				0.0006004675742234		0.0002576006454818			0.0002576859757546							0.0001171278759485
Blautia luti		0.0001260297148012	0.0002194159184814	0.0001048072023046		0.0003315761525508	0.0004799480061447	0.0003543330342987	0.0001041799405413	5.853825096095559e-05	0.000317170145603	0.0003570550906644	0.000126402426203	0.0002242027870798	0.0002622681405497	0.0001534423455252				0.0004366605798525	0.0002504267382992				0.0003437324976154							6.0997408001225184e-05
Blautia marasmi		0.0002173189289973		0.0001083423641093		0.0003276094973381	0.0005435560881141	0.0003052951516695	0.0001376187931611	0.0002091086379931	0.0002873499059322	0.0001867748898083	0.0001290554820565	0.0003121710561823	0.0004905774317957	0.0003945325151728	0.0001196399960698	0.0003801827562873			0.0003291633637862	0.0003123577620234	0.0003733759451018	0.0005167338667394	0.0004487784844907	0.0003821940929349						0.0001504994805672
Blautia producta	0.0007535815774349	0.0060761444041711	0.0069760351192485	0.0071932209332417		0.0297317106456791	0.0160398304840816	0.0360421889226683	0.0098593681909378	0.0048039399414957	0.0389967839867121	0.0129599645250242	0.0131443856916261	0.017890457424126	0.0061490490516356	0.0209125232720983	0.0121598274613736	0.0325311683688509	0.0270682819022721	0.0283504809168854	0.0197762677288845	0.0312538773633525	0.0220531764932753	0.0136253571136797	0.0133691580264137	0.0332578620484496	0.0020634514331525	0.0019229345569348	0.003288931053759	0.0048657755369616	0.0037678415229472	0.0026607465124002
Blautia schinkii								0.0001999535159287				8.265655863087396e-05		8.526630030609331e-05		8.829221124467244e-05		0.0003062919556942							7.281219182642864e-05	0.0003519496973183						5.794722344207778e-05
Blautia sp. N6H1-15		0.0007627631169733	0.000651104067208	0.0002368932469832		0.0015791153028595	0.0020689061830467	0.0016952925193248	0.0003628784531872	0.0006796289554645	0.0009163380192223	0.0007199700001657	0.000723798850033	0.000675156016896	0.0016339074681372	0.0013092677601172	0.0001571236157586	0.0010504827551927	0.0004337180294478	0.001250210065377	0.0013909830788005	0.0009669047990766	0.0008450873443596	0.0013269030203646	0.0016148662019546	0.0017005352519661				0.0004875188245614		0.0003623085962091
Blautia sp. SC05B48	0.0014232614134474	0.0043819944387453	0.0044402566309613	0.0029158076810683		0.0093319462737977	0.0035213319425815	0.0100256535991486	0.0040035959077787	0.0026428490600062	0.0129879932202662	0.0045873797914898	0.0047700760236473	0.0067734663602609	0.0021068614544059	0.0064039476230957	0.0063877764593388	0.0096877428058433	0.0088427735021823	0.0076862986670259	0.005348400409142	0.0097409669850596	0.0060714331105874	0.0066001816796692	0.005057204229101	0.0084277601629275	0.0030685938407055	0.0006626667562362	0.0013701975868551	0.0035227499031517	0.0022143048774204	0.0017693657136881
Blautia sp. YL58	0.0003168814126613	0.0030647638043847	0.0048631774786124	0.0016811017936474		0.0045020020601633	0.0097381661365646	0.0070605737577657	0.0019755673578852	0.0021580155502631	0.0051982141698285	0.0049623042306552	0.0057565894121252	0.0051390342107805	0.0057074893552691	0.0065192332781051	0.0019615018653549	0.0086165485943871	0.0019400089377256	0.0058370644221829	0.0084279880411149	0.0055089512310493	0.0040916474526895	0.0070523961972085	0.0042916952426037	0.0133030665296658	0.0007738339369109	0.0007811154365902	0.00209151452885	0.0032398884136604	0.0030784586316553	0.0027281514031924
Blautia stercoris																									2.6099030115402216e-05							
Breznakia pachnodae													5.456676190043213e-05			8.234928459591956e-05						0.0002707031514358			8.829731782645451e-05							9.245865376045796e-05
Burkholderiales bacterium YL45		0.0002044942268509		0.0002411056082204							8.523784241958576e-05			0.0001115252094172		6.730504283196646e-05					0.0002864170629233				2.7970511187027663e-05							
Butyricicoccus faecihominis		0.0001551738912359	0.0007069562773972	0.0001003137422758		0.0007895155701843	0.0024443027009271	0.0003674651709678	0.0001146941298379	0.0005490012780263	0.000588257125407	0.0006893096844918	0.0002504772919548	0.0004237519327281	0.0013550868505509	0.0003157273264966	0.0003157675944259		0.0004262107934941	0.0006238278483588		0.0007055605949196	0.0006185235336372	0.0011802377903058	0.0008703301211398	0.0005009293485479				0.0006594448449182		0.0001642788549576
Butyricicoccus pullicaecorum		0.0012654873457926	0.0095531135247356	0.0011286460151992		0.0052279654520401	0.0184431232094117	0.0030388835101753	0.0014346019133354	0.0058345555784778	0.0065591898783856	0.0074030365680273	0.0025406408181627	0.0034521929031419	0.0137448218200065	0.0039447778726127	0.0021474919168963	0.002144378974223	0.0044881502836862	0.0048658823895245	0.0017199292537268	0.0070347530329332	0.0045098384599815	0.0101512897356178	0.0069345129976613	0.0031083528647198		0.0010575789863395	0.0007185605056679	0.0034427780188497	0.0008794586099292	0.0010645796732595
Butyrivibrio crossotus		0.00143905487339	0.0008341737640334	0.000359318898847		0.0008632636544892	0.0014168953898369	0.0008458666840291	0.0003124632534824	0.0009966106377622	0.000795099425163	0.0014563854012362	0.0008230446187272	0.0015833381363425	0.0013432524858038	0.0010235491143553	0.0002827878069646	0.0009905843767901	0.000572430961477	0.0015399925474106	0.0009176154410945	0.0019827055663317	0.0019805683465331	0.0019660019039306	0.0014529858440792	0.0018331740691113			0.0008654159636275	0.0010550239632972	0.0005618447336224	0.0007347072895393
Butyrivibrio fibrisolvens																									2.1991247161318447e-05							
Butyrivibrio hungatei						0.0001282975705116	0.0001108821064004		0.0002365783240572			0.0001529272449986	0.0002580607878866	6.532692318986537e-05	0.0001711098779888	0.0001122148889048									5.835139806649304e-05							
Butyrivibrio proteoclasticus						0.00013520653608	0.000117284108342					0.0001370326305033	0.0001577054749958		0.000152735260912	9.441104601899887e-05									5.6258352231290815e-05							
Caecibacterium sporoformans						0.0001430771829081	0.0002564741329859	0.0001759880733205				0.0001693972305733		0.0001079777317951	0.0001615081607255		7.905607304825554e-05								0.0001002232154151							
Candidatus Desulfovibrio trichonymphae								0.0001659609373611							9.699523085513244e-05																	4.126984328449155e-05
Candidatus Saccharibacteria bacterium oral taxon 955																																0.000110353878044
Caproiciproducens galactitolivorans							0.000170221745311			8.27632901828358e-05					7.843672113084627e-05										6.056574159502374e-05							5.939338622674606e-05
Caproiciproducens sp. NJN-50														6.445248131071398e-05											3.892673422062493e-05							3.9978286498133854e-05
Catabacter hongkongensis		0.0003433863495903		0.0001148825461438		0.0003156807229363		0.0001979868578437		0.0005486891814196	0.000220786410456	0.0001463350940344	0.0001889447952427	0.0002183790118019	0.0002219677024473	0.0001239210515024	0.0001176209795607	0.0003442948643194				0.000709211836368	0.0003335408582208	0.0003606439604585	0.0002159464755072			0.0009035994353436	0.000783075903775	0.0007133671374714		
Catonella morbi						7.344616385343253e-05		7.344638397599977e-05				6.366855841221092e-05													3.4013311775942006e-05							
Christensenella massiliensis	0.0009421000981354	0.0010399352763245	0.0020293595263563	0.0003694834597724		0.0004420887004027	0.0002424834200432	0.001740125358874	0.0004010046671717	0.0020112030763645	0.0005383854583521	0.0008566353899766	0.0005371973767095	0.0014174038941872	0.0006953012283572	0.0010654540586727	0.000973737803307	0.0017307189264123	0.0015385390770323	0.0020686417623346	0.00149747602467	0.0025755184555348	0.0016701609447792	0.0024181183306533	0.0020237591219558	0.0015115992102664	0.0005361642775098	0.0008419935553826	0.0019987803840632	0.0007918214426043	0.0012930960128026	0.0006334674654521
Christensenella minuta		0.0003351216370066		0.000232779089574				0.000183111707816	9.539600048372183e-05	0.0003939331082346	0.0001036139396303	0.000249035931375	0.0002262947353186	0.0002544543568517	0.0002955141283601	0.0001594601563262	0.0002168863308704		0.0004107025451901	0.0004160654656299		0.0005480507256629	0.0003236318117525	0.0005917481686992	0.0002993870534166				0.0005136475728727		0.0003888698929313	0.0001033233073942
Christensenella timonensis										7.177982627130147e-05															0.0001106878829194							
Clostridiales bacterium				0.0001038810743786					9.504510589426904e-05				6.213210209533642e-05																			
Clostridiales bacterium CCNA10		0.000424886747831	0.0007263133736665	0.000192769898608		0.0012283930347721	0.0022176671290334	0.0014427857364545	0.0002341661964537	0.0006687073201792	0.0007687997124654	0.0009904964651684	0.0006766379090773	0.0007468034514104	0.002434466253014	0.0005762859914125	0.0001788134288468	0.0008498943099177	0.0004199680560687	0.0016669890833532	0.0007115566575013	0.0010052910378249	0.0016010659528386	0.0008789543760181	0.0024523783546298	0.000961263040556		0.0007419132506141	0.0004825429716912	0.0010609640878897		0.0002543242872747
Clostridium sp. BNL1100		0.0006286011276804	0.0035811764469515	0.0003691408291267		0.0016045838559213	0.0002809846233292	0.0002004395997468	0.0002735977561966	0.0038931160310152	0.0009093093412771	0.0024915022249881	0.0010391493066589	0.0036051543640364	0.0024826529585844	0.0024376496812068	0.0025789255600887	0.0014216970803097	0.0028294345048712	0.0065331955410638	0.0028317971798218	0.0067057124859537	0.004903443115257	0.0129219623066193	0.0021219875512696	0.0078295864243349	0.0015456491296235	0.0008970036574964	0.0068971101711658	0.0017937010016635	0.0037142447965992	0.0027319940353858
Clostridium sp. SY8519		0.003628984171031	0.0027424240599327	0.0018552891801584		0.0114855678577713	0.0220767814490244	0.0013420855243505	0.0040640935490631	0.008043002101002	0.0032216142117521	0.0148861682492584	0.0070001978732013	0.0066354057191441	0.0110586783543214	0.0177285146249284	0.0025417999650748	0.0097010455851206	0.0047668464585709	0.0052901494960646	0.0092353789332257	0.011676061993293	0.0021151829378158	0.0172946873293544	0.0148308285270643	0.0106434324019021	0.0031096029937965	0.0003489957185066	0.0012856878953968	0.0009651553401731	0.000770514078266	0.0018348572316089
Colidextribacter massiliensis		0.0002510952590383	0.0004324861941027	5.818478411237408e-05		0.0002643045749906	0.0008133074597673	0.0003264888702589	0.0001188170455798	0.0006244538826978	0.0003135170204099	0.000579647282771	0.0002207203023126	0.0009792185287373	0.0008408581747477	0.0003139539658444	0.0001921083060537			0.0006281014554506	0.0003909784561272	0.0014635546955007	0.0011228923341765	0.0007998127816747	0.0007259028137489	0.0006107229133855		0.0005816548600755	0.0004348628210637	0.0004696548124722		0.0002440981169844
Coprobacter fastidiosus																									2.3323657979405465e-05							
Coprobacter secundus				0.0001213987073465												6.0389456914790414e-05									1.4827187535301989e-05							3.280790968877224e-05
Coprococcus comes		0.0004050013683383	0.0004879714900546	0.0001608328148759		0.0011230526987615	0.0015048165182357	0.0009652217963068	0.0002063821675034	0.0003287663783784	0.0007079677922061	0.0002628604463812	0.0001905895990508	0.0001712704894051	0.0009123858558333	0.0003427298309594	0.0002431261061036	0.0005431837503564	0.0009237251828589	0.0015312658393733	0.0007410177789509	0.0008753771610003	0.001306085179838	0.0010626179229733	0.0016123002825946	0.0008489575958473				0.0003277599519416		8.550858280969587e-05
Coprococcus eutactus								9.285388220344548e-05																	4.350788969667084e-05							
Cronbergia siamensis																									7.537974616835845e-05							
Cuneatibacter caecimuris		0.0006512690341568	0.000944571067977	0.0003922182562809		0.0018888943710752	0.0029749027546064	0.0039129932004292	0.0005081247340808	0.0011373114505665	0.0015029489257941	0.0012951828592666	0.0009289325212096	0.0007156973999313	0.0028149969270483	0.001101252385122	0.0004332227293093	0.0015858144608316	0.0014074663670126	0.0021403454779136	0.0022792862074776	0.0024475220424814	0.002064454302656	0.0021512715498781	0.0029335338869473	0.0034531352179831		0.0003454495970253		0.0007295076197201	0.0004393889674691	0.000208059711185
Cyanobacterium aponinum																									1.8642282074127628e-05							
Cyanobium gracile																									2.295334297601363e-05							
Dechlorosoma suillum					0.0218579234972677																											
Dehalobacterium formicoaceticum			0.0002586059631379	6.56113144938109e-05		0.0002644527496687	0.0004587527701497	0.0001343172971417	6.531942546418885e-05	0.000120672110318	0.0001807053419967	0.0002123482783464	0.0001019413016237	0.0001015917285051	0.000192774667803	8.949711076167907e-05	0.0001656137490453			0.0004559198037193		0.0003659628882981	0.0002859457221459		0.0003376551444438			0.001045656459001	0.0002990654096625			5.912431951300786e-05
Desulfovibrio desulfuricans			0.0003878060051269			0.0002796738889455	0.0003650862814232	0.0009452756207557			0.0001891945105598	0.0001965543495249		0.0001834664085658	0.0006807514143681	0.0001668628499053	0.0001700610431597			0.0009592769696862					4.217830793797176e-05			0.0012407155149857		0.0005815380093467	0.000872669944764	0.0002151391720281
Desulfovibrio fairfieldensis		0.0003578073565192	0.0014980582009764	0.0001796700893258		0.0011374271360026	0.0012471455542764	0.0038341187400293	0.0004819219045553	0.0001337963851707	0.0009249177994164	0.000792874671383	0.0001835426711907	0.0010352135725907	0.0025698655007279	0.0007719134615999	0.0014047882199582	0.0012210739494296	0.0006984026854709	0.0039477659368963	0.0012076382834862		0.0007222646129045	0.0009189384868146	0.000202660054202		0.0010723285614712	0.0054739452483674	0.0011644905002891	0.0035479197040089	0.0060547489502698	0.0016524147972081
Desulfovibrio piger								6.74476195477731e-05																								
Drancourtella massiliensis		0.0002218129742533		8.948798658413534e-05		0.0001785436122039	0.0005897356917704	0.0001093832227398	0.0001500645642065	0.0001397842508403	0.000281607450604	0.0003333927470343	0.0001489080863262	0.000240957837876	0.0003024717191361	0.0001845753962071	0.0001629332582501			0.0004628840426166					0.0001986138013413						0.0005827424144383	9.437822669839385e-05
Dubosiella newyorkensis	0.0125209509388639	0.0119098656932161										0.024207641269475	0.0042320694674547	0.0143672020556411			0.0202329754747614			0.0006920197540184	0.0646308191696069		0.0004815151677277		1.9769585611094454e-05	0.0765364611612894		0.0052879276611495		0.0369559497936879		8.351104284414752e-05
Duncaniella sp. B8	0.0334853019330026	0.1622341958175875	0.0459098523718141	0.1631743599610261	0.0010928961748633	0.0938054366295904	0.0228991115470259	0.0499533992552223	0.0406261157732114	0.0320634021954501	0.0886455233563499	0.0296295153801051	0.0111053752698686	0.0655981661171378	0.0139557674997478	0.0461831464701774	0.0513867472613425	0.0805781199634664	0.0852714412265531	0.056825821941167	0.1115614090756873	0.065311877861196	0.058372437311798	0.0823325308471838	0.0483968156614007	0.1089644024224794	0.2369952785162327	0.3238732073632702	0.1161231224991433	0.0966670582119591	0.0339481580182929	0.0259140389990838
Dysgonomonas mossii																									1.3964559432446167e-05							
Dysosmobacter welbionis	0.0004109000510489	0.0032854842733469	0.0051308450053429	0.0023477335601321		0.0110373100065032	0.0159901767620382	0.006529790682648	0.0018966299122012	0.0045473509961231	0.0055509430301047	0.0057234930567336	0.0048250191525577	0.0102661672201153	0.0153645515154669	0.0047945971301576	0.0018910858871041	0.0039506712570521	0.0040311549422191	0.0103083715224593	0.0038545366118274	0.006539148107668	0.0108928598606686	0.0049712080271879	0.012811759587062	0.0087523334973319	0.0019345785775418	0.0057433043390739	0.0035964910042149	0.008673076927679	0.002968404691591	0.0033410484479978
Eisenbergiella massiliensis	0.0014213350814085	0.0101234256664125	0.0119091674452282	0.0050145412626211		0.0328089866569208	0.0335930868601862	0.0147266137730625	0.0084726644063342	0.01178063982958	0.0178348024275055	0.0256782206872401	0.0178068354050474	0.0135095185365472	0.0246461718465805	0.0219601543351784	0.0071223877634282	0.0125338998137234	0.010207083972564	0.0292507085181628	0.0121659805464861	0.0190437206231006	0.0242694923584391	0.0208604073296654	0.0212830247658003	0.023171010525365	0.0036505357221512	0.0028192706066417	0.0102321837244705	0.0110986084438465	0.0059842359288043	0.0065369953920727
Eisenbergiella tayi		0.0003885331586075	0.0006669458687696	0.0002569597554233		0.0010169392212227	0.0016638016339129	0.0008641367289794	0.0002832197116401	0.0005036313538302	0.0006663520036538	0.0009185169102004	0.0007944145909098	0.0005565705462534	0.001661742787022	0.0005677167587122	0.0002064173067159	0.0008158285418144	0.0006151402481097	0.000845549783983	0.0005540304342367	0.0004435768051941	0.001077020352877	0.0008873217590251	0.0009213797558182	0.0003656468140344				0.0005046608046323	0.0003088756670258	0.0002297340134724
Emergencia timonensis						9.843894124274962e-05	0.0001197147477778			7.909936250270472e-05		7.593595621403049e-05	5.13207626292507e-05	9.358592829932947e-05											8.845489747847307e-05							6.119325559689816e-05
Enterocloster aldensis											0.000142068262693	9.674237507473344e-05			9.127037756104733e-05		6.45586556490352e-05								6.908505970174286e-05							5.7802188572494256e-05
Enterocloster asparagiformis						0.0001455512968544	0.0001167172989907	0.0001938838288326			9.125518715853552e-05				0.0002236521074273										0.0001312731920769							2.999152922967156e-05
Enterocloster bolteae	0.0008241676204297	0.0051841141683381	0.0667951685100964	0.0020689923236193		0.0132442339138835	0.0204633612787523	0.0148830897988641	0.0029268706206331	0.0088582785269757	0.0166770693295028	0.010252443781545	0.0045700707131248	0.0087663749679706	0.0168650990811487	0.0047039964499412	0.0039940840772481	0.0068622234736714	0.0063833105092033	0.0158957590015737	0.005042808241025	0.0110319710119944	0.0203331592710888	0.0072380285693466	0.0162405392618134	0.0096671510059796	0.0034227829734321	0.0064078414941395	0.0121614609123683	0.0341905248320713	0.020541176888648	0.0106214552993341
Enterocloster citroniae								6.120312187442176e-05																	5.946832864718456e-05							
Enterocloster clostridioformis																									4.871764559612231e-05							4.706394201158559e-05
Enterocloster lavalensis		0.0001620571992444	0.0003838631332624	8.976136367760117e-05		0.0005442451758929	0.0011831726912345	0.0004703207709143	0.000222307995605	0.0001907921111978	0.0003095886993468	0.0003907561214618	0.0004116243527721	0.0001997689396653	0.00058849238751	0.0001289317574559	0.00019813637489			0.0006322719106571	0.0003429062196369	0.0003397001365025	0.0004305318347673	0.0003883190334453	0.0003579164886359	0.0004334782748994		0.0003460851618892	0.0003127219185038	0.0008423829711111	0.0004281177331468	0.0004078235685781
Enterococcus faecalis						7.636457623534388e-05																0.0003158203433418			1.6062788203488344e-05							
Enterorhabdus caecimuris		0.00017520482929	0.0003484749098064	0.0001694892004635		0.0001537815146465	0.0001640314655141		9.638438088728392e-05		0.0002535341505196	8.700096834777679e-05		0.0001387888275267		0.0001097990129068	0.000121177179848			0.0003460098770051	0.0003622925874841				7.347770591000955e-05		0.0005071576244224	0.0008460684257839	0.0002477639305269			9.245865542647115e-05
Erysipelotrichaceae bacterium I46		0.000275798681196				0.0001568471141356		0.0001584265120812		0.0001337963851707	0.000438652582162		9.253306145008752e-05			0.0001097989879911	0.0001393102193383								1.606912846335166e-05	0.000339338598223						3.877298435586086e-05
Ethanoligenens harbinense		0.0001029359536212								0.0001227555382507																						
Eubacterium coprostanoligenes			0.0135906228839482							0.0104818142438718		0.0023707812169409		0.0091455446081432			0.0121792771225806														0.007176395393873	
Eubacterium oxidoreducens		0.0014151836690498	0.0017481086420563	0.0007658675201675		0.0087901018059692	0.0151920471161008	0.002469001559821	0.001322347057471	0.0022309050219964	0.0032406860662337	0.0042438466374854	0.0032421057133588	0.0030829743011777	0.0074818551881605	0.0045603928534829	0.0013937710009599	0.0035876852614771	0.0024560589377296	0.0058219018356917	0.0031563595606534	0.0064233350245237	0.0038399523724356	0.0042182816857266	0.0042807954936784	0.0062186297199031	0.0004186087685475	0.0012468789330452	0.0012716024770284	0.0026982025189432	0.0010053585432857	0.0014639483953899
Eubacterium ruminantium																									3.902449912623326e-05							
Eubacterium uniforme																									3.044720940013823e-05							
Eubacterium xylanophilum	0.0005085617912459	0.0003432322214929	0.0017043308648988	0.0006627345345077		0.0019132354771808	0.0006965398788873	0.0020463922606717	0.0015315653781766	0.0050446470882763	0.003925873778969	0.0008755377047657	0.0001160756057502	0.0025290141074559	0.0002033341415861	0.0019552051034108	0.0002421505795912	0.0011483537971364	0.0003370346230581	0.0035477596377765	0.0007244742429029	0.0018557242832622	0.002422302125224	0.0073802664176296	0.0005245067848219	0.0021686698677559	0.000723822444317	0.0027171872860441	0.0047857042674609	0.0028535196492171	0.0025655184654987	0.0001852574388638
Extibacter muris		0.0002036315098305	0.0002336959235987	0.0001429062240542		0.0003434519673928	0.0006418553140753	0.0004064783978154	0.0001518987692201	0.0001551354363735	0.0003524237637008	0.0002370376854866	0.0003263423696291	0.0001830276602682	0.0006240833067583	0.0001428838999447	0.0001394598316202	0.0005670844909385		0.0006133297744265	0.0003257733722103		0.000675761088227		0.0002336089338709					0.0005556230742622		4.846791973443182e-05
Faecalibaculum rodentium		0.003840044458049	0.0007328977209638	0.0020152501674106		0.0006285392044322	0.0003209311283533	7.499019358997418e-05	0.0007289068806399	0.0005813392631631	0.0001101157510865	0.0001522516938		0.0002205728276323	6.538298081009513e-05	0.0014328398231633	0.0002301650651919	0.0015188915967258	0.0042580034694843	0.0046239501745777			0.003691616285913	0.0773862104492407	0.0001346806274984				0.0015113599762146	0.0003841352155958	0.0005416500370602	0.000328079096881
Faecalicatena contorta	0.0003951779359867	0.0017768049999066	0.0286148680354197	0.0008515690350059		0.0030216679919425	0.0064579781788671	0.0037463386247395	0.0013352719504468	0.0042877737586335	0.0038702094267754	0.0021843533033653	0.0021419075499507	0.0016846452307574	0.0053522429760889	0.0025483417632431	0.0005433718228843	0.0044131586468618	0.0017532803744423	0.010275840354208	0.0027268598158263	0.0083887125761665	0.0095683881586554	0.0039048998688547	0.0053300037847297	0.002967517444097	0.0013079889930244	0.0013160788565472	0.0034173045660318	0.0066798997792181	0.0102459818401927	0.0019049800174833
Faecalicatena fissicatena		0.0007630927581851	0.003799751897846	0.0003441246183148		0.0020487424407805	0.0026098317309042	0.0018266217170075	0.0004343811970317	0.0009894228226807	0.0017491743429561	0.0011140584093996	0.0006698512805813	0.0007838948926046	0.0019343092841297	0.0008949883975411	0.000228564959383	0.0018237405805225	0.0008972576619506	0.0040785941908914	0.0013196567273294	0.0021649162507248	0.0029927652899366	0.0016918531699634	0.001939207523395	0.0015004483842364		0.0009963390918289	0.0005456644474233	0.001690840509319	0.0017848026186929	0.0004519853603463
Faecalicatena orotica		0.0016048220057053	0.0125417871844289	0.0010997125507197		0.0094262024771457	0.0118769256278096	0.0069196553473922	0.001878412210408	0.0029951826967209	0.0050001953342562	0.0040476705533758	0.0031109837977891	0.0024899856724711	0.0076983310458722	0.0042195854103916	0.0012535654730957	0.0038745896929703	0.0030233733709505	0.0119386170094238	0.0041626390688543	0.0075863630482114	0.0081655917828828	0.0042515271934316	0.0055228388061874	0.0028330340662616	0.0007611474556179	0.0014188661613909	0.0022279219712798	0.004626717784075	0.0053046525308666	0.0014874763960923
Faecalimonas umbilicata	0.0016561366480622	0.0143417587452263	0.0582402886782712	0.0055996074461644		0.031401785353473	0.0560278892059421	0.0374199818091502	0.0093560554678701	0.0174952872539307	0.0221068498368721	0.0209405219554704	0.0166803474464451	0.0098968146364906	0.0585223174720643	0.0130871866880297	0.0070082876112611	0.0206281750488895	0.0200202275931267	0.042756927022256	0.0138494688986592	0.0307339983253336	0.0460858513303457	0.0151475970223308	0.0424948072626228	0.0139582119525957	0.0064617105572677	0.0055167901111296	0.0090965862678613	0.0187010980170041	0.0241216416539216	0.0042008330437252
Faecalitalea cylindroides																									3.188668494779285e-05							
Falcatimonas natans		0.0012507407570838	0.000657505019441	0.0001380879693738		0.0003297940520812	0.0007058392565644	0.0018554976248555	0.0001429425921133	0.0002451539055676	0.0005446430510725	0.0011035886573062	0.0011967717885821	0.0014016444088221	0.0003154869741053	0.0015011711229813	0.0002601644290188	0.0025474206338799	0.0003368215839712	0.0007643065892354	0.0029516493617434	0.0008046296600839	0.000579402725062	0.0024175947369575	0.0009338375637201	0.0049728497593956	0.0003726340169283	0.0005300501615202		0.0007171100674302	0.0005521209290791	0.0002507747892103
Flavonifractor plautii		0.0007817411253894	0.0012852116498646	0.0002812458003568		0.0018831458499315	0.0015309428129612	0.0018494992840434	0.0002256756559191	0.0008383751087112	0.0010602569793044	0.0009644166382916	0.0008159883428488	0.0008918067467844	0.0025451309991819	0.0008388494281983	0.0002762507183983	0.0006645900080311	0.000563680119057	0.0016024236083571	0.0005729870394081	0.000694027015492	0.002109542903793	0.0011545371863748	0.001404354139219	0.0012242891873852	0.0009051677096523	0.0012903793730954	0.0006132571847864	0.0024565163676437	0.0010436993571385	0.0005733515894901
Flintibacter butyricus						0.0001174839634389		8.652714645007961e-05																	4.077960526031537e-05							
Flintibacter sp. KGMB00164	0.0013542715120385	0.0032253077484594	0.0115426169271265	0.0029466368386658		0.0131843810933264	0.0175678566794937	0.011239627232387	0.0033626862846574	0.0085912334563349	0.0093787408400255	0.0100456793149015	0.0091049329941629	0.0089453068195458	0.0208968675548332	0.0066350976181635	0.0029926177194873	0.0066571775105787	0.0076860228450786	0.0124509202721178	0.0063855954729425	0.0114318764655085	0.0178384740468551	0.0116788931677158	0.0211111709923963	0.0118939906013192	0.0027548119426587	0.0111995573944355	0.0084588095921987	0.015863784507352	0.0059240597431408	0.0062040611374129
Fournierella massiliensis																									3.2470086342183267e-05							
Frisingicoccus caecimuris																									1.4318594675327142e-05							
Fusicatenibacter saccharivorans		0.0003960929279964	0.0003573808169928	0.0006648277414722		0.0009044311410337	0.00072916317078	0.0007795732999074	0.0006573634821123	0.0006699759877159	0.0015091595400847	0.0005832604299062	0.000504942788458	0.0008774957180707	0.0008638237827653	0.0017929668040748	0.0008433877239596	0.001064034535496	0.0006890425018727	0.0005748901762565	0.0011973565637155	0.0008256435437115	0.0009378312857498	0.0006381584370522	0.0004871184359077	0.0006312502343573		0.0005706452059966	0.0003860843579212	0.0005706034836079	0.000424643659205	0.0007847228775292
Gabonia massiliensis	0.0002353611010191	0.0009861461084001	0.0003393955600698	0.0005698721355633		0.0006167148664896	0.0004438429561275	0.0004877074850511	0.0001614947870141	0.0001788509838009	0.0005067568042043	0.0002196365207743	8.591430870104828e-05	0.0004450510544516	0.0001416035088997	0.0002838118935335	0.0002707249182238	0.0003585915650316	0.0004300987081738		0.0009190903940583	0.0003385555779616	0.0003212236940642	0.0005224106355277	0.0004259550195357	0.0007502867257613	0.0006379573501482	0.001179176106544	0.0005626066284671			0.0001667911434612
Geminocystis sp. NIES-3708																									2.640765903339388e-05							
Geminocystis sp. NIES-3709																									6.359135604812198e-05							
Gloeobacter kilaueensis																									7.296754712966466e-05							
Gloeobacter violaceus																									0.0005727637187657							
Gloeocapsa sp. PCC 7428																									2.36997347275663e-05							
Harryflintia acetispora														7.842727950852478e-05											1.824822095537629e-05							
Herbinix hemicellulosilytica		0.0001097366206556		6.350961472570818e-05		0.0001746233233184	0.0010757228936348		0.0001347741314799	6.505347892482676e-05	0.0003282241164437	0.0002888049628175	0.0002358117401797	8.505253799535318e-05	0.0004284840779613	0.0001603785252028							0.0002790956831233		0.0002784449344532							
Herbinix luporum		0.001006443811956	0.0021452056229968	0.0007439812637487		0.0066190046390232	0.0133789921977514	0.001827986616415	0.0013718586303831	0.0009542764941596	0.0032091577758353	0.003710619949882	0.0035941347132821	0.0027139747470067	0.0072560574071551	0.003097185608738	0.0010953500574041	0.0023650396105938	0.0020141367709668	0.0041251271044852	0.0029642806704871	0.0025186113183574	0.0049021654019536	0.0033533091107722	0.0040519676763364	0.0064204804259522	0.0006237254636124	0.0006071821085892	0.0009600178231327	0.0017351098827371	0.00087194782236	0.0003416930532796
Hespellia stercorisuis																									3.420824006863436e-05							
Hungateiclostridiaceae bacterium KB18		0.0004835630328987	0.001976133983214	0.0003382701511448		0.0021248218718447	0.0034861195550777	0.0015081481508335	0.0003520001908095	0.0016046170394533	0.0010014587828849	0.0018213123202072	0.0009567401628534	0.0010014057688882	0.0034369448628489	0.0007572323806992	0.0002826708681042		0.0006314432694235	0.001761208091518	0.000744006389007	0.0010510235206563	0.0023843754667178	0.0007553597196161	0.0022349225465219	0.0014347408031574		0.0035024106126347	0.0007221011922397	0.0057472344733908	0.0007667442328817	0.000733347436212
Hungateiclostridium aldrichii	0.0005111783406293	0.0012347949547317	0.0018817031329065	0.0002802396388132		0.0007405197120601	0.0002901276943608	0.0001980932557344	0.0002914620721474	0.0039828048509693	0.0006993365288175	0.0022893582499886	0.000565255884918	0.0041052425714252	0.0014771317221484	0.0013017557790032	0.0016936432782207	0.000900713268807	0.0021263249299269	0.0037555791562142	0.0019689406563423	0.0107216557939603	0.005798180709584	0.0104569912907453	0.0018925850099209	0.0054688941742257	0.0015254266496047		0.004223080962118	0.0014224851484934	0.0019968299747797	0.0017706101432359
Hungateiclostridium alkalicellulosi	0.0009735559310065	0.0011899283877951	0.0020178038472626	0.0002938388363722		0.0003809855156124	0.0002450878491284	0.000172266700909	0.0002607018081332	0.0020889192822931	0.0011208450892699	0.0013141447564746	0.0004023620818676	0.0019519826584517	0.0005952968413247	0.0013156006472429	0.0011759999762086	0.001202898853358	0.002668252216944	0.0016245184137576	0.0016439316415621	0.0075517704673384	0.0032283014365248	0.0053973678949528	0.0016240502293614	0.0034322750394136	0.0031374247412147	0.001321451046347	0.0024520012976698	0.0018247589141796	0.0021433681814274	0.0030285278072948
Hungateiclostridium cellulolyticum	0.0006056771226606	0.0023788696198238	0.0018861669252913	0.0004050338621609		0.0009784105779179	0.0004051381060217	0.0001553412518212	0.0005139228445918	0.0060466385301975	0.0009187460822746	0.0031915438575407	0.0009538731484178	0.0055211880105621	0.0015521552772048	0.0020142026462605	0.0025735498041904	0.0009481939309577	0.0033009179616235	0.0053503480943192	0.002690184797184	0.0154794188010423	0.0076395813729006	0.0136593659663853	0.0030629833513051	0.0055253254044998	0.0033406618553353	0.0010027796769354	0.0041721849935224	0.0023734763806599	0.0031523254671466	0.0026686127676421
Hungateiclostridium clariflavum		0.000135608086097								7.646121258174097e-05				7.57633105283299e-05							0.0002821007921458				3.511885152320609e-05		0.0003223924511674					0.0001418358119671
Hungateiclostridium saccincola		0.0001767549083177	0.0004050647546643	7.080957148158834e-05		0.0001111786183992				0.0003980058217718	8.438505182680817e-05	0.0002502201996287	6.285254678326881e-05	0.000464406333941	0.0001107769126922	0.0001702824748505	0.000304992848834			0.000352740570545		0.0012327140573165	0.0005099566687497	0.0012174146258966	0.0002735725366601	0.0006109799429594			0.0006104028932522		0.0003486808909878	0.0002110997314491
Hungateiclostridium straminisolvens		9.995614482860388e-05	0.0004688426769787			0.0002522137056074				0.0002896309538462	0.0001584969831946	0.000181317632061	9.934183556291596e-05	0.0003894973146387	0.0001484671539887	0.0001785250774806	0.0001585185525344		0.0003234337237493	0.0004430375955351	0.0004875878634995	0.000367034813803	0.000436245513059	0.0009825536890094	0.0001848252990584	0.0007855747233519			0.0007955505417418		0.0004544346159347	0.0003513253649533
Hungateiclostridium thermocellum		0.0001191902805914				8.338485028442527e-05						9.063275182255344e-05		0.0001022203834482		5.913497623657484e-05								0.0003634912473319	6.531858698654168e-05							0.0001109464338283
Hungatella effluvii												7.266557245940251e-05													1.902003192720673e-05							4.332004094749422e-05
Hungatella hathewayi	0.0028433627804288	0.0106722573096471	0.0337468351022364	0.0046044017105847		0.0300197945941375	0.0325236640013549	0.0295384862423422	0.0087104463795017	0.0206884677199473	0.0275474449864013	0.0158754259617142	0.0102430498113496	0.0128161822056254	0.0261124994532683	0.0113777932937376	0.008476467804428	0.01319404967492	0.0188569463409904	0.0265720289480748	0.0145059204802215	0.0354818192500275	0.0277766423171278	0.0259655689280328	0.0324665688260435	0.0183280619659838	0.0086993435823563	0.0067454954095551	0.0109193440620915	0.0336827996193667	0.012066437009531	0.0228699692686711
Hungatella xylanolytica		0.0007372897477077	0.0040422466725553	0.0002816938387805		0.0022389466623287	0.0037971393430994	0.0025051902241325	0.0004302969004845	0.001298831943043	0.0015902838450185	0.0019304082575003	0.0006496413814094	0.0016730386344364	0.0028445309533414	0.0011880045741675	0.0003387458150618	0.0016476368207065	0.0010230190624605	0.002845799768967	0.0013877905244598	0.0021215673320891	0.0034944853814124	0.0028741224730138	0.0023816632966623	0.0022909626293077	0.0004975660019882	0.0013356788743498	0.0015619774960681	0.0045234009107285	0.0011556540742864	0.0028075549258086
Hydrogenoanaerobacterium saccharovorans			0.0002250045503172			0.0001093581351091	0.0001113389523661	7.16236640465276e-05			0.0001037028195434	0.0001549569993024	7.96476411510329e-05	8.795441626742407e-05	8.823140960461893e-05										0.0001175575269993			0.0002811165230406				6.527896274364467e-05
Ihubacter massiliensis		0.0009830707878362	0.0021504095025137	0.0003884856174832		0.0007955705536803	0.0006706954040585	0.0014619737249657	0.0008453908992112	0.001131092197089	0.0013047038893079	0.0008231831723286	0.0003616857430251	0.0013880776464026	0.0006144168031918	0.001256626663637	0.0007752929905744	0.0008041260461427	0.0016220965598035	0.0016671385039894	0.0017148515806024	0.0026642719088894	0.0018396841215821	0.0037309922212218	0.0010769642189453	0.0023140087093837	0.0006970135649563	0.0008987200822829	0.0008671744004698	0.0019521970265822	0.0015357746416643	0.0012093103254165
Ileibacterium valens	0.0232172835576257	0.0003260022581619	0.0521943750929009	0.0006312732782021		0.0021227897794596	0.0015832603636925	0.0158963455423244	0.0104221686471318	0.0057882307952401	0.0012436602475661	0.0142918730253638		0.0087570235759706	0.0001830723462682	0.001537182448507	0.0108189057140309	0.0029186645620514	0.0059026293982874	0.0219290028006653		0.0473279861475178	0.0250120378837946	0.0396811842085346	0.0850628761135718	0.0004010365251727	0.0524636750974095		0.1621903776428061	0.0046096225871508	0.0450718586690865	0.0044499445039231
Intestinibacillus massiliensis							0.0001410755710885	9.82145440557812e-05		8.114298727415778e-05	0.0001768859745047	9.089481459537782e-05		8.046611366261485e-05	0.0001867126779022	6.688756687662027e-05									0.0001479413837106							
Intestinimonas butyriciproducens		0.0004499113916157	0.0015855317103152	0.0002232971524245		0.0011967025621721	0.0023039431207782	0.0013902480984911	0.0003280200823977	0.0006773602881811	0.0012423581184068	0.0012214407593956	0.0007885825944641	0.0011028673769961	0.0021658207188839	0.0009025627290729	0.0002788847364995	0.0006422378642311	0.000616617060124	0.0016297708316017	0.0006805742376477	0.0016604029840816	0.0020499419429687	0.0010250924506077	0.0024442148704377	0.0011611205401766		0.0013761857536913	0.0006502374453086	0.002496795175058	0.0010520033313198	0.0006858296372779
Jeotgalicoccus halotolerans																					0.0003139869091611					0.0004935834155972						
Kineothrix alysoides	0.0003725633280767	0.0047786337123554	0.0066981600021964	0.002304890289226		0.0177512179259587	0.0152755218376504	0.0060894502176477	0.0033198083195983	0.0034304106502215	0.008228100975118	0.0064990233390402	0.0060472086218303	0.0051032423787587	0.0096625332919578	0.0051123805385228	0.0019332828520447	0.0038207609448542	0.0038717923343515	0.0061958800039619	0.0046006318510767	0.0058099558061354	0.0065396912721308	0.0037809563909722	0.0084098032392369	0.0089424230121009	0.0013321411073722	0.0029896420604595	0.0021040972065665	0.0072349334014807	0.0045834080258088	0.0016078996724449
Laceyella sacchari	0.0005495583931809	0.0005700421921269	0.0003686248567978	0.0006250509149274		0.0005978260696377	0.0005207491697212	0.0005884725113768	0.0005367835821181	0.0005479904214808	0.0006474447160606	0.0005821600803021	0.000609951639193	0.0004987582695451	0.0004425812831332	0.0005437945772024	0.0005490824039497	0.0003573888231032	0.0003829950210647	0.0005347194222131	0.0004822083802958	0.0005191227963266	0.000580167771698	0.0003365124015899	0.0005859551389661	0.0004010348603792	0.0004565818482074	0.0002949260431279	0.000616545738267	0.0007363548858586	0.0006025549203371	0.0004006482359474
Lachnoclostridium pacaense		0.0026692673036395	0.0054997993968841	0.0010624446963249		0.0042270410263878	0.0078123581696001	0.0032986511340865	0.0023449490668675	0.0015214649374544	0.0066132130343073	0.0038758969458893	0.0024445671738464	0.0027017656055856	0.0051815602607162	0.0020844274426286	0.0019493463880407	0.0023376350056011	0.0026123462995177	0.0053391580726943	0.0013713386141362	0.003847614254697	0.0037939287843158	0.0015462200960875	0.0053664378010728	0.0027290906007828	0.0004006784723503	0.0008173794987448	0.0008417311606479	0.0056703960886807	0.0049385194145248	0.0018477512593666
Lachnoclostridium phocaeense		0.0024793126134069	0.0032702129037679	0.0012906406829786		0.0085406032117837	0.0077913129658026	0.0094767702309006	0.0022196341860691	0.0017658244248822	0.0073392348928361	0.0029803848771284	0.0019577040430388	0.0027192908597212	0.0056930233499376	0.0038164413690187	0.0019305067807619	0.003772571478054	0.0041639865152246	0.0063676040027265	0.0029844111463297	0.0055328935722073	0.0059300577267596	0.0030823995168989	0.0057617885686688	0.0039835840018904	0.000472884365072	0.0009501112227706	0.0005578580073093	0.003663239177272	0.0015905154811838	0.0005533974341512
Lachnoclostridium phytofermentans		0.0003072227087907				0.0001277948366769	0.0001164063792093	0.000692833982014			7.73819322666312e-05	0.000520048178455	0.0006553712660271	0.0009448994825279	0.0005718390497633	0.0004783038251847	0.000153788778683	0.0009388419233644			0.0007518059139319	0.0002664687083477		0.0007981977507227	0.0001957919617976	0.0020768659629011						5.953109802528729e-05
Lachnoclostridium sp. YL32	0.0019434605486354	0.0102780460527688	0.091515870373386	0.0046755765820254		0.0278824564786446	0.0440471790554286	0.0314018099590308	0.006306337407014	0.0174020737733265	0.0312839997494526	0.0162872833911767	0.0095976125733058	0.0201715774871408	0.0341947909889986	0.0105472424425574	0.0094648902664555	0.0102248219840176	0.0238407093324923	0.0197356930086938	0.0175089021463063	0.0375392932058279	0.0248697039133887	0.0238876916348327	0.027917150590356	0.02123015365964	0.0087116880055081	0.0230157791502587	0.0142816652782873	0.1603475919516333	0.024700469393345	0.0479378454691971
Lachnospira eligens				0.0001535040143706		0.0039958757940742	0.0026037434441223	0.0010947855793431	0.0004321653659298	0.0001342570205811	0.0005859415666138	0.0005048769342507	0.0003679272847377	0.0002974707262063	0.0007588217133388	0.0004564791974795	0.0001195499962128	0.0004348833426617		0.0009034873097053		0.0004568997660344	0.0024877261398261	0.000391837778559	0.0019475008433196	0.0006981103931847						0.0005917485710904
Lachnospira multipara						0.0003199184996668	0.0001944403029489					6.991079197760679e-05			0.0001452708706957										0.0001493043422183							
Lachnospiraceae bacterium Choco86	0.0008724925395847	0.0022688019128081	0.0106015167301229	0.0026480585743618		0.0116332014280849	0.0215167870894282	0.0240671882663397	0.0030749083475921	0.0056781779583379	0.0094866671866214	0.0085867829036129	0.0059541253547366	0.004863952627696	0.0179123829500835	0.0072706868174284	0.0029527463639923	0.0077121115669226	0.0065234462606099	0.0270377944633827	0.0041006103312473	0.0125812243670912	0.0145371805481909	0.0066626431536368	0.012211255023376	0.0025890282147202	0.0020089349291915	0.0017608128031067	0.0024441686474922	0.0065655040883398	0.0052001554855854	0.0018911342005952
Lachnospiraceae bacterium GAM79	0.0121574863511734	0.0244099022360059	0.0541606224615024	0.0170319342711321		0.1529572217706233	0.1119121246383016	0.2701207863649869	0.0200782658454925	0.0547666209587516	0.0481026643788535	0.0737559451650591	0.061799924673466	0.0435418055823859	0.1291639192851273	0.0345535086721784	0.0228701470049405	0.0723098323143425	0.0702588680485575	0.1000377357920911	0.026384030722939	0.0738547356018896	0.1329452798408419	0.0351613741392655	0.1402645816216479	0.0429776987345954	0.0169926825841194	0.0058839338745892	0.0140464704186522	0.0321107322509577	0.0224778004191412	0.0093449155188113
Lachnospiraceae bacterium KGMB03038		0.0005527444265821	0.0011468735082881	0.0004183256125387		0.0008667588298	0.0018289482158221	0.0007201043045064	0.0008892649497898	0.0008171681131741	0.0013437771260215	0.0012590029938534	0.0009798702209898	0.0009476912431298	0.0019000687037295	0.0008592447471464	0.0004044054355351	0.0007932052438346	0.0005586408182691	0.0013820226570552	0.0012166311202899	0.0008569116696655	0.0009905553276105	0.0006401286464498	0.0012189772947925	0.0007335841860884		0.0003052944408757	0.0013512239388066	0.0012101637821642	0.0017413020216777	0.0016685845504294
Lachnotalea glycerini													5.952735281940805e-05												1.3739161753943636e-05							
Lacrimispora aerotolerans						8.206812242356345e-05	0.0001645462174572	0.0001338669395336		6.477665624765053e-05	8.05868701361118e-05	6.300604614296957e-05		7.144929297993351e-05	0.0002022934279575										9.489949781119244e-05							5.930578640336544e-05
Lacrimispora algidixylanolytica		0.0006097159278769	0.0039552160090305	0.0002749531052902		0.0013738056932535	0.0029759188304716	0.0009452993939995	0.0003024443652729	0.0019553994356516	0.0012476968124865	0.0015907234667466	0.000547389511133	0.001340186270706	0.0023866981984909	0.000681585835436	0.0004746513489671	0.0010127159502861	0.0010568267737446	0.0024138005444306	0.0007218702623273	0.0017526000282615	0.0023218100534683	0.0010523591868588	0.0009729354107815	0.0013795979799808	0.000577379941153	0.0011211863573575	0.0007248984490376	0.0030088813229853	0.001602770756049	0.0016447010199638
Lacrimispora amygdalina	0.000437610694134	0.0016595031840443	0.0148407998503126	0.0010413574983147		0.0040209060002766	0.0097458273643258	0.0045715975555336	0.0015259646788569	0.0038335900051668	0.0071401838979685	0.0039710352327376	0.0027007395371615	0.0027786440965643	0.0046769575594305	0.002090154523739	0.0012311719066715	0.0017328659663109	0.0020490790453906	0.0061934548709459	0.0020031961447127	0.0081015655247747	0.0053018540364447	0.0044053710138378	0.0058006277345915	0.0025649561581088	0.0015681755239262	0.0020140489629072	0.003013523341425	0.0070823047981991	0.0065260345655404	0.0045518206225203
Lacrimispora celerecrescens		0.0001633662731995	0.0003358505421491	9.059583546987186e-05		0.0002576053057047	0.0005132712845897	0.0003907968395797	9.294509668783684e-05	0.0001569632705111	0.0003294726784507	0.0001743130261008	0.000210758706063	0.0001463799510231	0.0004459613993506	0.0001738286981691	6.764592842593492e-05			0.000427856028066		0.000364402507891	0.000280006588478		0.0002596050438475					0.00061673165392		0.0003152245783309
Lacrimispora indolis	0.0003769846667196	0.0034232760563863	0.0180619409368231	0.0012393465576601		0.0068422323461611	0.0084988685568652	0.0058743152935594	0.0012541037129913	0.0027039416769826	0.0060410140507823	0.0039277871709644	0.001722736707729	0.0032112731019497	0.004883354743001	0.0031610635459434	0.0011009600852368	0.0031291644027143	0.0027152551060884	0.0071338494270674	0.0028635294206288	0.0106092112987427	0.0056235700460355	0.0051554456462297	0.0097442555924259	0.0052132508995975	0.0012714939426771	0.0026544874623475	0.0033455138843481	0.0118686183447297	0.0048039131071164	0.0043330718813433
Lacrimispora saccharolytica	0.0025091401017662	0.0098034168826875	0.0424142555550422	0.0052792419464537		0.0242054361615426	0.0402642281938267	0.025901907561883	0.0083699584941909	0.0175388769381746	0.0258828547811789	0.0177419623558039	0.0095091694607957	0.0152544497675444	0.0305906062495529	0.0122586484572892	0.0064959038593198	0.0139095455307945	0.0152370434155288	0.0316697282793069	0.0097766074488249	0.0234471174639009	0.024296546158598	0.0184570312514185	0.0210000677595858	0.0122541649708183	0.0062346932303582	0.0099147070067872	0.0146701988583122	0.0476855583090162	0.0281459067875852	0.0230146653859972
Lacrimispora sphenoides	0.0003516390765001	0.0018874396568372	0.0106985258028987	0.0010303429191399		0.0062786952246334	0.010457162179103	0.005732290584301	0.0014089364404975	0.0028422735592392	0.0052563571646752	0.0046605506163391	0.0022411514973224	0.0043784443105908	0.0054394887461957	0.0023227363780086	0.0012958130889062	0.0031692198627381	0.0030921701789575	0.0086363430158365	0.0021698409265094	0.0065506647915348	0.006457712402827	0.0042378576145709	0.0057338860342159	0.0033877025996894	0.00084210910298	0.002589437733868	0.0021538893074452	0.0125656001996912	0.0040065693422724	0.0052022569338506
Lacrimispora xylanolytica		0.0002264985563963	0.0003416261172429	0.0002405825980327		0.0003051202694354	0.0003808658496384	0.0002809782121925	0.0001676735657096	0.0003480704094096	0.0004422026100425	0.0004414305427447	0.0001280613132414	0.000449526933888	0.0003693380652055	0.000283744157356	0.0002735636549145		0.0002718847155258	0.0006070343948746		0.0002585452320356	0.0004658992516526		0.0002098501157346			0.0004017633395438		0.0006682486402352	0.0008573075566491	0.0002568956216878
Lactobacillus animalis	0.0025252232038799	0.0060153164993123	0.0016478898089731	0.0045715089301093		0.001738210745908	0.0014736859145723	0.0030095209061083	0.0029010100275383	0.0037210452662735	0.0039730626523596	0.0084523896329982	0.0012240115519411	0.0072757680623784	0.0052763159996904	0.0086205105925216	0.0072293114445677	0.0053811424136719	0.0039527054066262	0.002315159616706	0.0072409829993055	0.0019921755798909	0.0026533372548417	0.0013099234001075	0.0011991977748172	0.0024530746950051	0.0024060683937199	0.0003548508177302	0.0068609249186447	0.0006954593161417	0.006534541317679	0.0010914041942578
Lactobacillus apodemi	0.0003854248347331	0.0018873758579575	0.0006797275764623	0.0031437986120539		0.0009790612552396	0.0010005769031154	0.0010234106368783	0.0021912896384116	0.0022423777500954	0.0019708842979617	0.0036924290834209	0.0013210896144121	0.0030356023674365	0.0024910588368483	0.003599139042476	0.0027322765706362	0.0031257832068592	0.0013102203162671	0.0010537148557406	0.0030962184347294	0.0009000196505372	0.0008922610805967	0.0004238308983207	0.0004218127890702	0.0007322961468705	0.0006458936182527		0.0019773272503006		0.0018994851448169	0.0012770750842306
Lactobacillus brevis																									2.356658878222145e-05							
Lactobacillus colini				0.0001912897619037					0.0002067981182827	0.0001944321285166	0.0001123822590816	6.254785849445234e-05	0.0005925637633211		8.788697867708641e-05		0.0001197001050409															0.0003949054497903
Lactobacillus delbrueckii																									2.34763827589445e-05							
Lactobacillus faecis				5.6729625332739554e-05										7.419774463504622e-05			7.346836619477173e-05															
Lactobacillus gasseri				0.0023921092159083					0.0024309493879786	0.001651063563536	0.0017227233320953	0.0006333171165215	0.0042716202655051	0.0005904191325196	0.0010342432839001	0.0001585889231469	0.0006660228462026	0.001054290495456														0.0035018892191056
Lactobacillus hominis				0.0020620818575325					0.0029333796448775	0.001947367122289	0.0012843466899481	0.0005410525168685	0.0065324294862422	0.0004911913282239	0.0013733667978803	0.0001192272024038	0.0005921317204561	0.0015572823648985														0.0047160944717011
Lactobacillus johnsonii		0.000477076475359		0.1849456198401669		0.0005404262318193	0.0004778307909733		0.4282005530489471	0.1829574330301344	0.0627705732843696	0.0237924135954313	0.5323262044689664	0.0226437026303388	0.0365156044951611	0.0063761512399246	0.0455796679765974	0.0523069363754771	0.0022754410075021									0.0003437152979747		0.0013444732545856		0.5661561890744374
Lactobacillus murinus	0.8159375654250929	0.2342741437614762	0.0770092236350107	0.2505178009762113		0.0582859997720274	0.0273640898866628	0.0641784215383183	0.2611408185404817	0.3377062361844819	0.1408911947110025	0.3544544396300241	0.0785343725889078	0.3429230198387678	0.1339451923009921	0.4941116628913453	0.5510521861876135	0.2563152861179863	0.3849549885795006	0.0418085424375989	0.2746987116500434	0.1155886882284129	0.0655458677769562	0.0828054666494194	0.0292362970961675	0.0502759794710376	0.1727171520089455	0.0030026430470854	0.2520584503483657	0.0111528621697298	0.3410086722553856	0.0829996054942072
Lactobacillus rogosae				0.0001424055884035		0.0023989397156091	0.0014393873155715	0.0006641676784226	0.0002826832962623	8.177591156956558e-05	0.0003333105541862	0.0003161924281853	0.0001853253591546	0.0001837667550646	0.0005049094034711	0.0002493776842245	9.542093228080456e-05	0.0003149457644602		0.0005512020902461			0.001081937220437		0.001238521294602							0.0004100277493721
Lactobacillus salivarius		0.0001979075566054		0.0002558835776521		0.0001062873913763	0.0001200192036924	0.000165068992283	0.0001709768357287	0.000195180554498	0.0001765809217164	0.0003457834558139	0.000166198538523	0.0002631840066508	0.0005303306659851	0.0002572734470766	0.0001987531267961	0.0004354888062086							6.175820775171553e-05				0.000318856539643			0.0001555672407328
Lactobacillus taiwanensis				0.0003296622738639					0.0001984707535624	0.0001109089871922	7.409172924497709e-05		0.000232281678873																			0.0002404066202735
Lactococcus lactis																									1.729838729606437e-05							
Lactonifactor longoviformis						8.87781748327642e-05	0.0002782186965942				7.352422675433414e-05		6.689796491124842e-05		0.0001242037159369		7.23836147874416e-05								4.353342762507587e-05							4.125343041685514e-05
Lawsonia intracellularis																				0.0004403824653556												
Leptolyngbya sp. PCC 7376																									1.398609469694656e-05							
Longibaculum muris		0.0002067331393222							6.626426187636296e-05		0.0001619349280685					9.332916097084288e-05	8.479760628471402e-05								7.166474736940953e-05							4.175552142207376e-05
Macellibacteroides fermentans														6.617403194111725e-05											3.276475259789135e-05							
Mageeibacillus indolicus																									1.659780959198818e-05							
Marseilla massiliensis				7.947584913781876e-05																					1.5557747200531568e-05							
Marvinbryantia formatexigens		0.0017171075986464	0.0010118047788463	0.0019709790625603		0.0078025533193453	0.0038944504791283	0.0088445662022564	0.0035331560952328	0.0009775150150127	0.0094846660637592	0.004350551684598	0.0043056660231799	0.0054621303835151	0.0018412122210698	0.0065314677974313	0.0033708086254868	0.0082477279784459	0.0052847427766377	0.0068403740247356	0.0042072274935066	0.0053847067696924	0.0053017560579015	0.0023827619958007	0.003357365804332	0.0070106934268139	0.0003212458605606		0.0004471175791289	0.001481078365851	0.000625247066515	0.0004001267956394
Massiliprevotella massiliensis		0.000108825846948																							1.667384050644968e-05							
Massilistercora timonensis	0.0005751403514022	0.00357779414857	0.006551446242059	0.0019265418231008		0.0050115219018061	0.01486306207296	0.0032723758859346	0.0026843795893202	0.0044087295606023	0.0086364525565628	0.0080426010575995	0.0039976210375113	0.0058971415968616	0.0134179175260329	0.0047978616592318	0.0022947098679437	0.0039531204744104	0.0035615596349384	0.0110180828801826	0.004089963714016	0.006474714768014	0.0084243711681594	0.004143523940144	0.0071908498745017	0.004373910090599	0.002183521386909	0.0026177167069478	0.0048236654600473	0.0108866495373771	0.0071306406146506	0.0056775776252912
Mediterraneibacter glycyrrhizinilyticus		0.0003294358330484	0.0017030633268426	0.000157586205192		0.0018178673757164	0.0041709884373915	0.0002611316090453	0.0006055059322412	0.0006084336433742	0.0011026993550901	0.0012280214950209	0.0009993952553708	0.0004969732861018	0.0029589112948408	0.0006753450191867	0.0008217073505542	0.0005339509189287	0.0004237002230175	0.0035362736278647		0.0016178646165318	0.0022691544930585	0.0004335165817553	0.0012773608721934	0.0004311164081412				0.0004079170903333	0.0005415384791961	0.0002491935594135
Metaprevotella massiliensis		0.0002164522287368		6.239935517280279e-05							7.93959531198054e-05														1.9566345623525854e-05							
Microbacterium lacus					0.0020231414696771																											
Microbacterium saccharophilum					0.001255547054913																											
Mobilitalea sibirica		0.0002486881986368		7.13064630857064e-05		0.000165191975164	0.000219998380686	0.0002660667138665	6.847189771372707e-05		9.840886209957868e-05	0.000235388370362	0.0003403512894429	0.0002378118312934	0.000140654513767	0.0003724495014795		0.0006149543853833			0.0005425011647068			0.0007795766457134	0.0001030217660932	0.000386343205237						6.42545007387728e-05
Monoglobus pectinilyticus						0.0001348151210496	0.0001558048364545																	0.0006201631036643								
Mordavella massiliensis	0.0003733693080637	0.0003774539025908	0.0057518095656706	0.0004488407288316		0.0006249684721595	0.0015554606605792	0.0005039819167952	0.0006912627757239	0.0010737227649648	0.0014664936777939	0.0009167341177594	0.0010900089090637	0.0008400077827639	0.0023382403707848	0.0010344270722869	0.0005549846792897	0.0010446404712207	0.0005895879979848	0.0019734356867688	0.0013428014726043	0.0013163187719466	0.0020320438900751	0.0004987363431881	0.0009259488350728	0.0005908601427762	0.0003301470406772	0.0010461685795353	0.0018513404906897	0.0037108803047693	0.0045466680679481	0.0012953340052493
Muribaculum intestinale	0.0609649785219606	0.3003290682742442	0.0751304080037255	0.2370905106724214		0.1283497378453052	0.0325294807705188	0.0840836367650608	0.0595944838276773	0.0491226875589469	0.1536736146481549	0.048181515707985	0.0180046855920464	0.112833619753966	0.0208322414309669	0.0661093236915221	0.094506942389261	0.148871234839382	0.1317672173199339	0.0958033539521481	0.1647802565992865	0.1102202410126329	0.1014703591117186	0.1518741025400592	0.1051749286398319	0.1861127658374156	0.3646348120028029	0.3881909345336284	0.1878118898621358	0.1140731390098714	0.048114571088369	0.0374450703509678
Muricomes intestini						0.000115221698302				6.657443399526455e-05	0.0001049577833372		5.870277002886995e-05		0.0001556801920995	9.858682327792653e-05									5.673399966952817e-05							4.521391372532907e-05
Murimonas intestini		0.0004622270915782	0.000264197766592	0.0002176260950573		0.0009104732603947	0.0007361727019504	0.0010915877851703	0.0002642982611808	0.0003921426872645	0.0006466783331038	0.0007867816194105	0.0005605907671956	0.0006239637809956	0.0006361079848665	0.0007868311204188	0.0002434469374271	0.001248348169129	0.0004058847406055	0.0005765581603344	0.0011644303980616	0.0005799721374358	0.0005970200874349	0.0009139354007075	0.0005613049410379	0.0019433908025574			0.0004204327979202	0.0005446674509768		0.0008011860354631
Ndongobacter massiliensis																									0.0001284798181181							
Negativibacillus massiliensis		0.0001562529646992	0.0004908035201688	5.380759201324968e-05		0.0005439980714419	0.0004761080673374	0.000204650377205	0.0001208648998027	0.0001760368206334	0.0001479992976047	0.0002735920526665	0.0002294405912031	0.0002329850795773	0.0004885128090393	0.0001413356859137			0.000295670057218				0.000784147761498		0.0006108921932565			0.0003535775939998	0.000336719163438			0.000155972209216
Neglecta timonensis	0.0004710500490684	0.0003597933785667	0.0024978968189977	0.0001486240997555		0.0005932087449462	0.0016298561830046	0.0020194060979324	0.0002205107260179	0.000411823871372	0.0007096029501635	0.0001782256618431	0.0004874948566194	0.0004797642682602	0.0007370468172468	0.0004142321765677	0.0002807468055686	0.0012085375127484	0.0006243081901997	0.0007042204568567	0.0006941489918408	0.0012007460427561	0.0009520155119267	0.0011337626997775	0.0007723034423094	0.000833111549388	0.0005361642807356	0.0037836219813094	0.0006602700110182	0.0046155546346471	0.0016520243979785	0.0012604020373512
Olegusella massiliensis																													0.0004208210187731			
Olsenella profusa		0.0002542541979574		0.0002472193624373				0.0001439234112753		0.0001941122811151		0.0001476876503317		0.0001055602518099	8.614355049611823e-05	0.0002206553559944	8.797160063669907e-05		0.0003699931706186	0.0008802143527164			0.0005994080274771		2.174571138589665e-05		0.0003575943994098		0.0005906734531579			6.393923284260308e-05
Olsenella sp. GAM18				7.040643616141092e-05																												
Olsenella sp. oral taxon 807	0.0010598626104023	0.0016305851529042	0.0012835814357065	0.0022801494697457		0.0003348292958014	0.0002282176911501	0.0009049409194949	0.0001867447380152	0.0009889280371474	0.0005350588606087	0.0007078234078551	0.0002182669603349	0.0009246371327592	0.0002616531568683	0.0012811673639542	0.0009939926898144	0.0008507631656966	0.0008691083681201	0.002754330168339	0.0007728908533198	0.0005414063028717	0.0027185905593799	0.0014800405970272	0.0001463217021204	0.0007712240868703	0.0026982199968206	0.0010311458939241	0.0039322937215334	0.0011203943788213	0.0012031444658821	0.000683079494184
Olsenella timonensis																0.0001353324438517																
Olsenella uli		0.0003812742352097	0.0002538078689844	0.0007735184999625				0.0002567986219924		0.000335257791718	0.0002745317104232	0.0001977489590972		0.0002877248019864	9.680756214703303e-05	0.0003078239679258	0.0003156898640333	0.000429875366632		0.0009579502099905			0.0004271193843591	0.0007198424471652	2.5921644028049563e-05		0.0008581848530957		0.0010792072919089		0.0003600257981636	0.0002774253604713
Olsenella umbonata				8.12954488952989e-05				7.30029119045338e-05																								4.0326059632694216e-05
Oribacterium asaccharolyticum						0.0001044417620976						8.336846466117727e-05	9.069014944326744e-05		8.35876232744341e-05	7.652905133455165e-05									1.8770035761965693e-05							
Oscillatoria nigro-viridis																									2.281410165419328e-05							
Oscillibacter ruminantium		0.0001109485913017										0.000100492369119	6.685536072040561e-05	9.297030723554508e-05	0.0001521372944808										8.00476196138661e-05							
Oscillibacter sp. PEA192		0.000391095449468	0.0011291181352077	0.0003304085969664		0.0018242244561218	0.0028845923091586	0.0015524789141656	0.0001513034731566	0.0004854508097615	0.0008285137279749	0.0008076673537668	0.0004674875188034	0.001491910638808	0.0024023249376691	0.0005723291946476	0.000118279996452	0.0004285744340991	0.0006900686532796	0.0014250628076197	0.0003970247944909	0.0010590710542912	0.0032823936397916	0.0007531845898416	0.002876009539334	0.0012150362307733		0.0014865493186319	0.0003654316418422	0.0026699873483339	0.0006317715329847	0.000726257405066
Oscillibacter valericigenes	0.0007470953652548	0.0066088022411307	0.0100278164702983	0.0058396807409387		0.0186182735817752	0.0234265235029993	0.0067553556037525	0.0036901118510042	0.0076940445445542	0.0116160714472952	0.0112461920930187	0.010270970360533	0.0176976298590942	0.0229091724278955	0.0065893615320233	0.003374017620035	0.0067726502860264	0.0085076927085271	0.0188273052270339	0.006989671502234	0.0137415829300921	0.0257745471666669	0.0133694473783992	0.0279508557012065	0.0157482202494068	0.0020180942720148	0.0181674598648593	0.0090219741927209	0.0213379801094708	0.0063811474015847	0.0059272932484035
Paludibacter propionicigenes		0.0001034215574304																							3.450815043009084e-05							
Paludicola psychrotolerans						9.903017228685268e-05	9.254564271643792e-05					9.993190129816389e-05			0.000116645849689	6.939981828617166e-05									8.688074090521169e-05							
Papillibacter cinnamivorans		0.0001316192585496	0.0004304875210174			0.0001536869093546	0.0001536974540629	0.0001164966910923		0.0001535336998642	0.0001344912112014	0.0001425814005203	0.0001648053637775	0.0002224445549776	0.0002811394556569	0.0001793463026671	0.0001156253043896			0.0006198880356884	0.0004111529407389	0.0005172667478937	0.0004653350993118		0.0003420929072195	0.0005011883493899						0.0001413745137115
Parabacteroides chinchillae																									3.899795410974633e-05							
Parabacteroides chongii																									1.6816207483712065e-05							
Parabacteroides distasonis	0.0003094319611835	0.0017108159044056	0.0008155938914784	0.0011415477477493		0.0011997344117736	0.0004253283465185	0.0008832466161769	0.0002563679225835	0.0003099063337326	0.0010071590920372	0.0003769404761085	0.0001605075621178	0.0006293755712463	0.0003432475426287	0.0003594233704685	0.0005043720397948	0.0009262180794629	0.0010483069568441	0.0012735843054421	0.0012820879743468	0.0008157237442075	0.0010005958809214	0.0009895963354511	0.0006346452734085	0.0013700813493126	0.0019518497726621	0.0036311099701504	0.0012848998548275	0.0005429729986606	0.0005234291697858	0.0002680083088938
Parabacteroides goldsteinii																									1.758178097361323e-05							
Parabacteroides johnsonii		9.21534142489634e-05																							2.4316182987559708e-05							
Parabacteroides merdae																									3.0182796009874e-05							
Parabacteroides sp. CT06		0.0001307750416946		0.0001421220998536		0.0001195146706518					8.86424314084812e-05			0.0001032365478272		0.0001186658630067	6.876107833496182e-05								9.927329502811892e-05							
Paraprevotella xylaniphila		0.0001643766844736		0.0001364806838002																					3.745226323522493e-05			0.0004376443844177				
Parasporobacterium paucivorans		0.005237318694579		0.0004249478952185		0.001406148148887	0.0010985389927456	0.016515886128207	0.0001433998252008	7.411528064392688e-05	0.0002098133531118	0.0056325725686133	0.0074689961229266	0.006945049210569	0.0006832762513959	0.009647662184332		0.0198411193967952	0.0004821493034817	0.0010247491953162	0.0226052801999467	0.0004402565967966	0.0003799829270336	0.0205490441241537	0.0020482486729111	0.0497599162965367						0.0009151106509244
Parasutterella excrementihominis	0.0007458292443572	0.0031509147304911	0.0008609380124631	0.0037262041478022		0.0007107779788058	0.0006204668477762	0.000986409469516	0.0009216756424621	0.00116344682758	0.001968097045489	0.0012941393778545	0.0003770234217516	0.0021438319531339	0.0003269149040504	0.001393021828829	0.0012053374036184	0.0013997676981266	0.0028837272174344	0.0013211286213079	0.0038676723768342	0.0028649416860294	0.0024888009380105	0.004009913397009	0.0007022685525254	0.0049666831194471	0.0067824781513055	0.002406007085823	0.0047818438591709	0.0010563718428886	0.0005416500370602	0.000653175656531
Parvibacter caecicola				8.406436411618657e-05		9.279111729415852e-05								7.626967941580935e-05			0.0001392362615365								4.794571269701791e-05							
Peptococcaceae bacterium DCMF		0.0006997122886525	0.0011741692617816	0.0005322041452762		0.0014272816400415	0.0021989848047854	0.0006827528113811	0.0004828655695703	0.0005017719350465	0.001024741442363	0.0009955727422586	0.001040313020606	0.0010058299158171	0.0014945316139675	0.0006174206585925	0.0004886727993728	0.0006254281204395	0.0007209314466648	0.0014314067981486	0.0006762794966548	0.0009875521130494	0.0011318298672833	0.0014501730432339	0.0016582429289092	0.001233958538989	0.0006165889228153	0.000860479650805	0.0006176611332873	0.0013778903143717	0.0014253948343691	0.0002121247163039
Phocaeicola dorei																									2.203838742660413e-05							
Phocea massiliensis	0.0002447555053846	0.0009110891325599	0.0039299015715379	0.0004894408059757		0.0029106418754789	0.0046269986329087	0.0026678736321814	0.0009811465217174	0.0008705411783654	0.0020610512159201	0.0023263117251056	0.0042178110836832	0.0019388682091274	0.0048010399723639	0.0009584457846084	0.0004882270359398	0.0010535975479044	0.0024979507244758	0.0043105063148436	0.0013230695980342	0.0032280002169295	0.0062377530112071	0.0022214033636871	0.003890016923286	0.001840300548263	0.0007506708832712	0.0066012548406249	0.0009749133065294	0.0070112542985139	0.0010341117858751	0.0016560234524461
Planktothrix agardhii																									7.185506322489393e-05							
Planktothrix spiroides																									0.0002362070301715							
Porphyromonas gingivalis				6.969151215683195e-05				9.342224912644093e-05																	4.26003062961773e-05							
Porphyromonas gulae				5.352708439749684e-05																												
Prevotella baroniae		0.000311378989082		0.0001008670718982							0.0001559017532507							0.0004574813630819							0.0001084578933973		0.0004327878305866	0.0010922575389598				
Prevotella buccalis		9.510334745621304e-05																							1.944774080446932e-05							
Prevotella colorans		0.0001474915006393																														
Prevotella copri		0.0005310567432618		0.0001522259356986				0.0001268313727494		0.0001824384563065	0.0001968443868251							0.000506563938244							9.153967124590534e-05		0.0007173397246729	0.0007994720815924		0.0007210829517546		
Prevotella dentalis		0.0001684142929364																							1.6783851301659962e-05							
Prevotella dentasini		0.0003853279843691		0.0001937168636459																					6.655809549428888e-05		0.0006106354807962	0.0004585178453865				
Prevotella denticola		0.0003926053196288		0.0002243234906269							0.0001281462488307														8.319835571777458e-05			0.0005436215506814		0.0004459617102237		
Prevotella jejuni		0.0001638075910758																							5.507732564886684e-05							
Prevotella koreensis		9.09498518766113e-05																														
Prevotella loescheii		0.0013870832394124	0.0003483152323307	0.0006367779417139				0.0001976617178263	9.086070896145171e-05	0.0004776270726651	0.0004103694991544	0.0001101474548903	0.0002870479602174	9.96260113702102e-05	0.0001599912379882		9.115978991766866e-05	0.0012215491779227	0.0004388481783537	0.0010813165830471			0.0007455368995056		0.0002758255005556		0.0012780552852331	0.0014626696699452	0.0009245825569794	0.0008249478169793		7.733324313693189e-05
Prevotella maculosa		0.0013045529107175	0.0004259819367405	0.0003587811269459				0.000192180054178		0.000148027816703	0.0003938945740788	0.0001158875541076	0.0002414802647164	0.0001136650444427	0.0001588628448831		0.0001422871586571	0.0008516410322224		0.0010442686129624			0.0006592274705678		0.0001940491252044		0.0011280051055652	0.0016496963956982	0.0010591014531097	0.0008219777003048		6.336925846625317e-05
Prevotella marshii		0.000723358753709	0.000229510507951	0.0002933498735485						0.0001462817976733	0.0001969575231707							0.0006103284073173		0.0004904807220126					0.0001505151747597		0.0006154579858516	0.0011387679779145	0.0005181382620452	0.0006664873415661		
Prevotella micans																									2.7360623437102648e-05							
Prevotella oralis		0.0001257044368413																							1.4645363383387016e-05							
Prevotella oryzae		0.0009675724078045		0.0003110530386028				0.0001109424162838		0.0001635588489197	0.0002630692071377			7.900002370376253e-05				0.0008191223309195		0.0005787291202073					0.0002030981383		0.0010423236793751	0.0016797369790431	0.0003793454301057	0.0006972332155086		
Prevotella paludivivens		0.0004661042490638		0.0001369775776984														0.0004861785513115							9.565260053981023e-05			0.0006850383756359		0.0006508397078146		
Prevotella shahii		0.0029424270585916	0.0009955344871391	0.0010017202840002		0.0001014494651872		0.0004134355542383	0.0001609356629675	0.0009769656928174	0.0007659499411635	0.0002489121375425	0.0003164177030496	0.0001975157112072	0.0002113235456635		0.0002872722263238	0.0027645670191524	0.0007123143444908	0.0013432894014154	0.0004495266340644	0.0004441106506909	0.0015088859101565		0.0007043453370327	0.0008042599431999	0.0024052248610954	0.0031845537430441	0.0017728076287128	0.0019593623051909	0.0005046997402833	0.0001417292035875
Prevotella stercorea		0.0061375258618796	0.0020595721191548	0.0021385803399315		0.000169816120638		0.0006953194299877	0.0004891645700467	0.0019422658226451	0.0017624915022764	0.0006512594964237	0.000821820044323	0.000460182760296	0.0006271011318033		0.0004904277138807	0.0058706785978338	0.0017325646945839	0.0035145453760766	0.0014613270009971	0.0006612727510763	0.0025057530043723	0.0009189384868146	0.0014259870576444	0.0025891343076305	0.0059957398092865	0.0067968954135711	0.0041061839703035	0.0041020763709907	0.001348311107881	0.0002490757446012
Prevotellamassilia timonensis																		0.001031346390257														
Proteus mirabilis									7.228828568330503e-05																							
Pseudobutyrivibrio xylanivorans		0.0001653220632501		8.855025702521147e-05		0.0002643173358365	0.0011733681331062	0.0001342854876191		0.0002727599306745	0.000309868253682	0.0005415683303321	8.414865679848136e-05	0.0002945766460538	0.0005021464658649	0.0001859498287422	0.0001683578790009			0.0006926548776387		0.0004778529048292		0.0003537626706916	0.0003417469385131					0.0004327225349914		7.976821065908463e-05
Pseudoclostridium thermosuccinogenes	0.000211898336973	0.0009902154321941	0.000784715550516	0.0002168983100613		0.0002738554455208	0.0001174093583486	0.0001217969732185	0.0003697872976178	0.0044967238370702	0.0004136723113003	0.0023199034614175	0.0001442184670784	0.0045480315049928	0.0003980375350228	0.0004700362896787	0.0012406126419822		0.0008115885336144	0.0014312157562097	0.0014859587568727	0.0129098397020996	0.0052016389201168	0.0068748166530152	0.002904403745628	0.0015894728175811	0.0012689125144155		0.0013219509481712	0.000581009455281	0.0009506818198688	0.00108299017123
Pseudoflavonifractor capillosus		0.0008108812613478	0.0018566215986329	0.0001770665477221		0.0015816152977728	0.001503010315119	0.0015916865223597	0.000157686527983	0.0012239736998614	0.0008481687506382	0.0010947305453692	0.0008629674987379	0.0008533747503599	0.0026066311408724	0.0005144440469119	0.0002599550785543	0.0004478940332735	0.0004066622594278	0.0012779189864634	0.0004733153878293	0.0014921325366656	0.0022474303692536	0.0007944428097937	0.0016200400313335	0.0010315935443767		0.0018133523618592	0.0011592814379672	0.0024504962505342	0.0011301083831007	0.0006362119194642
Pseudoflavonifractor phocaeensis		0.0004280034380964	0.0018915292699415	0.0002507279341325		0.0011190854974172	0.001141736611348	0.0017219649464364	0.0003078349063245	0.0007039607008627	0.0011474368757863	0.0008669264645479	0.0005131530223437	0.0006509523970051	0.0015138896591552	0.0009712299220206	0.0003355658395065		0.0006833120432315	0.0017196196603181	0.0005925260845197	0.0014326649448673	0.0023258157156204	0.0010497527753186	0.0011920864283815	0.0009511755313221		0.0006466222661608	0.0006426998554076	0.0019805902824368	0.0007545660306846	0.0005095879466772
Robinsoniella peoriensis		0.003347386791246	0.0075913905461287	0.0007872904327992		0.0056970884351371	0.0084442500949416	0.0039702805344778	0.0015648635917475	0.0023068932815729	0.0037423440357027	0.0041230395994479	0.0030179266408977	0.0023169214937634	0.007998323061789	0.0012518794346434	0.0012444273773817	0.0040466545101111	0.0025802701198721	0.0054297540458083	0.0015261606749698	0.003486548755678	0.0060054441754123	0.0020110500671673	0.0083110751467868	0.001459519186285	0.0010569333206442	0.0005350709452791	0.0011936986271441	0.0034379300149956	0.0020614250445995	0.0007021862684748
Roseburia faecis		0.0003035970690691	0.0007139268423372	0.0004341893655625		0.0014956237140527	0.0037798600374881	0.0002394708715476	0.0009409162936372	0.0027186165224488	0.0010781080253635	0.0021292087620037	0.0011331960358644	0.0017997612862522	0.0039187074566521	0.0072369831084153	0.0005760793551322	0.0018915332462229	0.0010177200336852	0.0015352743213442	0.0021689874770945	0.0029063766457694	0.0006354866395278	0.0048289751417906	0.0012376425874489	0.001792960190603				0.0003728353247354	0.000285491164076	0.0001341570483865
Roseburia hominis		0.0010520891383339	0.0025366576380985	0.0005251347018711		0.0022424231474801	0.0065890490713589	0.0007518650230942	0.0005656754217596	0.0012836338227728	0.0028209456099803	0.0019408890502226	0.0006149293143515	0.0011655025385013	0.0026268037785183	0.0013022158374959	0.0006544715390788	0.0011217347274017	0.0018434842103315	0.0055013004075507	0.0007780866672368	0.0050359014500843	0.0024973855997512	0.0025424329251695	0.0021536563948666	0.0017381608255604	0.0004704605598535	0.0004661747168577	0.0005840618808303	0.0020799737542386	0.0004702955074502	0.0003796129214159
Roseburia intestinalis	0.0006070181777952	0.0010875119835178	0.0021349890131933	0.0003980418840248		0.0025779239086492	0.0065706392019731	0.0010788329784409	0.0008605672051085	0.0012540885579167	0.0021545007127112	0.0020113564086414	0.0011223545831995	0.0011387846714199	0.003640795870288	0.0021514366437571	0.0011604081608418	0.0014225002294274	0.0012604803164652	0.0052560108245452	0.0017552245379881	0.0031954539065786	0.0030538638605141	0.0029072996883692	0.0032230901121842	0.0011599593684027	0.0006782881471476	0.0005494978604876	0.0005735279469272	0.002130848504285	0.0009198863953096	0.0004592890340546
Roseburia inulinivorans						0.0001307274012421	0.0006321464910712			0.0001648445987322	0.0003487847776714	0.0002045371212671		0.0001639370165714	0.0002204177702162	8.186271241544774e-05									9.47617094539486e-05							
Ruminiclostridium cellobioparum		0.0004241672725944	0.0012278755664416	8.605370711424046e-05		0.0001173783493721			0.0001648674696601	0.0015996389952747	0.0004364910750593	0.0008755741092641	8.024056022577874e-05	0.0011442848506119	0.0001800066001606	0.000408819983445	0.0004077921222006		0.0004649352186245	0.0004705482930291	0.0003872979223182	0.0046482108438492	0.0016163337285194	0.0021022742070793	0.0005730124160693	0.0010559976093967	0.000727636207671	0.0005527232736341	0.0004155738828991	0.0004825407505459	0.0004887493609369	0.0007783468203963
Ruminiclostridium cellulolyticum																									2.9889937006967498e-05							5.7812266044337664e-05
Ruminiclostridium hungatei																									1.85959453602801e-05							
Ruminiclostridium sufflavum																									1.805308757493343e-05							
Ruminococcus albus															8.530689721975525e-05										2.819100647446315e-05							
Ruminococcus callidus																									1.444223896903052e-05							
Ruminococcus champanellensis								8.372451487736522e-05					0.0001415893487633	6.657188387415927e-05	0.0001263564299446								0.0004084039531755		7.445692894038968e-05							7.806527061965992e-05
Ruminococcus gauvreauii		0.0003308577016256	0.0006903952479007	0.0001095049468471		0.0006050790789311	0.001156204259318	0.0008815052170121	0.000135296628379	0.0002455661260542	0.0004596928314212	0.000505831808435	0.0002217120204729	0.0003896575648121	0.0008060733667523	0.000341059535217	0.0002139678902613	0.0006034173286078	0.0002429839985471	0.0015175574423838	0.0002917898922104	0.0010118673573907	0.001124592641401	0.0004339364436151	0.0008563774544949	0.0005189839257386	0.0003114156385067	0.0004963416772779	0.0004006812978007	0.0010481470868227	0.0006061775815941	0.0002712620658965
Ruminococcus sp. JE7A12						6.660708347916163e-05	0.0001789670004093	0.0001099774949765				0.0001110124094449	8.041166352187446e-05	7.720877632130853e-05	0.000205727250599								0.0004110607575786		9.551629164716284e-05							3.909141322175518e-05
Ruthenibacterium lactatiformans		8.74640362922388e-05	0.0012706749883169	9.448717007760625e-05		0.000193848557644	0.0002068230675382	0.0002076324623849		7.562404122254665e-05	0.00013602533945	0.0003019046432677	0.0002371105441062	0.0001875271004645	0.0002255751090414	0.0001098041908871	0.0001150824656707			0.0004718316504671			0.0003745562198723	0.0005290857954387	0.0005267319521301			0.0022738889370025		0.0008322931624625	0.0004561263469983	0.0002772471172231
Schaedlerella arabinosiphila	0.0008243376827022	0.0067889750932834	0.0140469562059186	0.0028515694625302		0.0203686915614541	0.0308905345539354	0.0050667834160559	0.0097131867664908	0.0031219969396265	0.0156385838247762	0.0119738954296034	0.007132423680447	0.0058431919236633	0.0333422953968481	0.0054887827603342	0.0041139942419617	0.0026510971947738	0.001554509203146	0.0162756522705305	0.013812119489655	0.001622725005836	0.0166679253971908	0.014038589788622	0.0149115312341532	0.00956317562031	0.0021982735525371	0.0369786966317334	0.0094613122856491	0.0553103913693727	0.0123412120233956	0.0069252933383154
Sedimentibacter acidaminivorans																									1.7593773312989296e-05							
Shuttleworthia satelles																									3.407919062162082e-05							
Singulisphaera acidiphila					0.0437158469945355																											
Spiroplasma eriocheiris											0.0001748897221998			8.271481036251144e-05											7.21979171380817e-05							0.0001632828637616
Spiroplasma mirum																									3.163130098096713e-05							
Spiroplasma phoeniceum																																6.9359905890232e-05
Spiroplasma sp. NBRC 100390																									2.2977065678352805e-05							
Spiroplasma syrphidicola																									2.370228177175078e-05							
Sporobacterium olearium						6.331356868302665e-05	0.0002086828619633	0.0002700148013203				9.535120628662084e-05	8.242079736393184e-05		0.0001785102661219	7.613835076903401e-05					0.0002769958318809				0.0001255350883659	0.0003311565250642						
Staphylococcus epidermidis					0.3792357721832997																											
Staphylococcus hominis					0.5256822606035857																											
Staphylococcus lentus																					0.0005070881381924				3.953917095481773e-05	0.0011414116485686						
Staphylococcus nepalensis																					0.001473323189116					0.0042881063037526	0.0010187121333976		0.0017343475136889			7.754596835527984e-05
Streptococcus danieliae	0.0004710500490677	0.001502557245752		0.0007062737559017		0.0015389110196543	8.558163418137101e-05	0.0014538562684168	0.0006686886801191	0.0047130640821455	0.0020403803456201	0.0019142447911724	0.0003584872044815	0.0009704943258684	0.0008826753250668	0.001863394701551	0.0013888130872231	0.002323018791579	0.0026810560219906	0.0017929596516451	0.0014250175108095	0.0026236717216891	0.0006955219089401	0.0036398559871483	0.0014244363994104	0.0014807502467917	0.0009114792772505		0.0007185153985282			0.0003728177866476
Streptococcus equinus																									2.4064826723792687e-05							
Streptococcus gallolyticus																									2.1084233411446624e-05							
Streptococcus gordonii		0.0003262355833789		0.000177508866393		0.0002941180387245		0.0002474320934608		0.0005746937195207	0.0003159867947169	0.0001970803490351		0.0002248634010177	0.0001372991756767	0.0002866278600078	0.0002482599000658					0.0006316356811768		0.0007320634804242	0.0001863930096403							
Streptococcus himalayensis										9.374114539765568e-05															2.807180125158344e-05							
Streptococcus koreensis																									1.898151935507888e-05							
Streptococcus salivarius																									2.5185003165483504e-05							
Streptococcus sanguinis										0.0001983727098091		0.000104091963835													5.49236105378298e-05							
Streptococcus sp. A12										0.000146907107299	0.000156805377136					9.770059621398328e-05									2.849389980883227e-05							
Streptococcus sp. I-G2										0.0001556685101609		0.0001223271028451				0.0001037660376689									6.185765991178533e-05							
Streptococcus sp. I-P16										0.0001583017767391							9.700962131649404e-05								5.748109057266338e-05							
Streptococcus suis						9.956315625922856e-05		0.0001620488759082		0.0002916605095324	0.0001688967623474	0.0001196180915982		0.0001611568087515		0.0001603275902328									0.000122400523101							
Streptococcus thermophilus	0.0003925417075564	0.0003896124548765	0.0002254837651961	0.0001068308296531		0.0003583244698716		0.0002480444781927	0.0002530089998915	0.0005526371304743	0.0006736493098923	0.0001963446693985	6.448796555350517e-05	0.0003418761609751	0.0001373045181592	0.0003020878971093	0.0002711314441661	0.0004467343717425	0.0003379367832924	0.0003460098770092		0.000721875070496		0.0008910918660015	0.0004952786260925	0.000339338598223	0.0005897807088091		0.0005203042541066			0.0002415862860803
Subdoligranulum variabile																									2.235941863337271e-05							
Synechococcus sp. NIES-970																									2.8590741798436047e-05							
Syntrophococcus sucromutans				6.22400568770888e-05		9.942045045737464e-05	0.0001596818727483	0.0001116579230444	6.772987523714813e-05	0.0001723170839876	0.0001647257071884	0.0001106316874796	0.0001043540967772	0.0001679932291698	0.0002487292176993	0.000755065612834					0.0003272112090038				9.91439355324598e-05							8.141117200965488e-05
Tannerella forsythia		0.0001493760145772		0.0001056324715398							0.000163540179696														5.155116566499008e-05							
Tannerella sp. oral taxon HOT-286																									2.2326600950981624e-05							
Tepidibaculum saccharolyticum																							0.0006037711914832		4.865791461187569e-05							4.826327664692252e-05
Terrisporobacter mayombei																									2.100518457379249e-05							
Tyzzerella nexilis																									1.3515597425935886e-05							
Vampirovibrio chlorellavorus				0.0015199069952892						0.0007329715013699															0.0237484843701603							
[Bacteroides] pectinophilus		0.000211288034708		0.0001799634166079		0.003259350316487	0.0098443827934279	0.0003370279999764	0.0002630753143609	0.0006128698360151	0.0005025325708357	0.0013625196730965	0.0011118730233968	0.0011085048887962	0.0024448572950644	0.0007842587187464	0.0005642383812969	0.0006282326754061	0.0006176766083673	0.0007349357277794	0.0008794731644562	0.0021758327356622		0.0008609292935369	0.0012074683153981	0.0019727178169691						0.0001367123053882
[Clostridium] aminophilum							0.0001593028693086								9.7286817521604e-05										1.5564172263701735e-05							
[Clostridium] cellulosi		0.000174362101573								0.0001095352805403																						
[Clostridium] fimetarium						9.665222558102833e-05	0.0003477959874799	7.920885015585456e-05			9.44467415800953e-05	9.280183554559848e-05	5.788663173536047e-05		0.0003072596909899										0.0004693935605579							3.712461710492771e-05
[Clostridium] hylemonae		0.0003579263005627	0.000397982387821	0.0001385156123647	0.0021857923497267	0.000406669889338	0.0006266012206921	0.0003227934735754	0.000139238829277	0.0003903516290303	0.0004845917163334	0.0005911432642369	0.0005223059111324	0.0004227112769484	0.001040239004238	0.0002271391941451	0.0001895543284023			0.0012251110409057	0.0002624516060401	0.0002284221030428	0.0007514931749425	0.0003829541163199	0.0003860256686215	0.0003434725523694			0.0002516183434008	0.0007523274740477	0.0005301016020307	0.0002061376649677
[Clostridium] leptum						7.049036891004845e-05	0.0001084887210051				8.60512808563467e-05	0.0001032246608333			0.0001304133103393										6.212953042462374e-05							0.0001258414132654
[Clostridium] methoxybenzovorans								6.553516177809147e-05																	5.072398178471447e-05							
[Clostridium] methylpentosum		0.0001939257587045	0.00080291907777	9.21415859437096e-05		0.0002480761941029	0.0006534261843557	0.0003331080870369	0.0001543743828841	0.0004564169957811	0.0003494920033597	0.0004115828576499	0.0004303605932357	0.0004054240868442	0.0004032373868249	0.000135357728139	0.0001857280208327			0.0040172464206274	0.000489968582914		0.0047263349279605		0.0005295284760384	0.0005217136446044		0.0005607498215873	0.0003647420961959	0.0007081004211927	0.0006859402613213	0.0002634842950926
[Clostridium] polysaccharolyticum		0.0025083678094205	0.0006351580768613	0.0005899750717357	0.0010928961748633	0.0052175323001153	0.013658937816635	0.0057550689172732	0.0008958605300326	0.0011410834968385	0.0017664263361456	0.0049539559458714	0.0040824627777463	0.0036040886730627	0.0042702048434919	0.004506767568018	0.0006485180425526	0.0066631721921962	0.0012195095844209	0.0028701074124405	0.0090488107439252	0.0035574054982022	0.0016591273005084	0.0074633911051874	0.0046454246069148	0.0171769522711295		0.0007191678112711	0.0005122114389708	0.0009593770344279	0.0004246076647543	0.0006661367775236
[Clostridium] populeti								0.0001255531463677		6.556326132439154e-05	0.0001066790251351																					
[Clostridium] scindens	0.0006092110963154	0.0075942173352926	0.0093469186079136	0.0022283931713625		0.0110791109211772	0.0217009183472708	0.0045312369290209	0.0042373045199027	0.0074006801774599	0.0189130100916243	0.0127654312385178	0.0050962202533186	0.0088249345351715	0.0247270231553715	0.0059169382033881	0.0036398838517024	0.0052533590042838	0.0033309449288707	0.0129308174711769	0.0060242644319881	0.0087421127678039	0.014170695094616	0.0110341299691711	0.0110165129143078	0.008233343276594	0.0066934529944025	0.003678990687612	0.0063025424186112	0.0115999388015097	0.0068737675415767	0.004022897699515
[Clostridium] symbiosum							8.934055376553249e-05																									
[Clostridium] viride		0.0015037178469803	0.000422883109083	8.543579733214064e-05		0.0004974113795709	0.0007817772442288	0.0005430465534969	0.0001676666989099	0.0019529856117518	0.0004542283707116	0.0003612416308868	0.0002975415160643	0.0003957370806901	0.0007275751961575	0.0001634641183801	0.0001306530244394			0.0005439823117196	0.0003054581557279	0.0002349651423626	0.0006133475953767		0.0006012378951211	0.0004345755525928		0.0005106467498954	0.0013932357936867	0.0008191065326121	0.0005679541004961	0.0001664419567295
[Eubacterium] rectale		0.0006464739460472	0.000314485698629	0.0001622976551983		0.0003746232122351	0.0008685654535059	0.0005095326439361	0.000225535262586	0.0003969476162595	0.0005317353179605	0.0006782222239945	0.0003916137901807	0.0007018328912582	0.0005796316041856	0.0010805940193349	0.0002919235182042	0.0006141189152316			0.0010475353490982	0.0003147464405283		0.0011479952878866	0.0004682933568974	0.0009382461210635	0.0003091133263486				0.000382398282481	0.0002456651315634
[Eubacterium] siraeum																									8.755891864781174e-05							
[Ruminococcus] faecis																									2.520343215678232e-05							
[Ruminococcus] gnavus	0.0022485959184059	0.0100514479285126	0.0352909054996877	0.0058609341893961		0.0251577558389722	0.0316380147850163	0.0355685661064008	0.0091603065041743	0.0134725018973047	0.0317620888276324	0.0192045460420991	0.013139194184709	0.0160493219564339	0.0383655713810145	0.0177611013800695	0.009089024533397	0.0173559430390658	0.0158722319798638	0.0427935674419482	0.0161056858144916	0.0272240221295787	0.035209867061072	0.0213035285939102	0.024259720398003	0.0184350479429611	0.0081551514802406	0.0077344755372113	0.0114208947399523	0.0145733824834116	0.021600009226127	0.0038226832987091
[Ruminococcus] torques							0.0001389037776637					7.800247235088619e-05													2.5500527751319964e-05							
unassigned	0.0	0.0	0.0	0.0	0.0	0.0	0.0	0.0	0.0	0.0	0.0	0.0	0.0	0.0	0.0	0.0	0.0	0.0	0.0	0.0	0.0	0.0	0.0	0.0	0.0	0.0	0.0	0.0	0.0	0.0	0.0	0.0
