pathway	DMG2400338	DMG2400339	DMG2400340	DMG2400341	DMG2400342	DMG2400343	DMG2400344	DMG2400345	DMG2400346	DMG2400347	DMG2400348	DMG2400349	DMG2400350	DMG2400351	DMG2400352	DMG2400353	DMG2400354	DMG2400355	DMG2400356	DMG2400357	DMG2400358	DMG2400359	DMG2400360	DMG2400361	DMG2400362	DMG2400363	DMG2400364	DMG2400365	DMG2400366	DMG2400367	DMG2400368
1CMET2-PWY	460.0492987423961	1246.4822470336094	1133.0867990084116	1035.511396118771	1388.3000189303334	1433.459942391386	1986.6329565523674	1407.8005684394589	1714.1878247806167	2288.614127893253	1681.7885935554152	1390.1396317178003	1471.7349422123011	1004.4649874985524	285.62652939421065	224.13426668903776	140.94227390613236	433.5239231363338	282.0109893151808	459.6539245292734	360.20987591706273	5141.15746904183	337.3645582487263	104.0115354017502	161.00000000000003	293.75897218667046	366.22691395888796	291.53345631938714	5139.232744324299	647.36160148933	87.41347671301166
ANAEROFRUCAT-PWY	599.9365500874104	2062.908465580443	1028.7140631024256	520.6827541495395	1146.7856336335967	2304.877165403571	2827.909579016014	1876.7206531372901	2223.0181306945833	3423.8178246987977	2194.561067835904	1809.0204928978876	1950.4699913024615	1480.4935270712958	363.7349845377305	294.0391905105583	113.29635633254624	514.5049279369404	283.0774708186143	409.6398181695047	336.3016413718646	3885.451300448323	287.2341350276933	130.32547879165247	139.4884901184082	360.33295712933585	166.56570248732348	378.70655655389976	7870.95288638246	410.06039244248416	141.26451833106307
ANAGLYCOLYSIS-PWY	641.2634638131269	3430.0023833440896	1519.434047778821	1364.3533685323143	1908.8660853491706	6203.9844952042395	4246.874751627854	2095.098324314723	2540.9015393738177	7088.345563460415	2446.774333712493	2023.527370069289	2307.508110218473	2050.628156754308	393.1688270664017	346.3189780203382	189.9990965000593	564.4261209826457	375.48569152161724	598.5273459730361	489.49983727595696	6749.758154001931	447.50212284367274	141.9109599469336	183.49483606204151	387.3462757371336	478.37379739973125	404.395428928041	16494.52329414353	828.7355884134117	361.25335684858663
ARG+POLYAMINE-SYN	0.0	83.17486955585635	227.37286452033516	109.47375013327827	212.83485802609812	213.56491413213695	247.5527836765565	354.5668152245624	200.25312567546865	78.38775295466586	307.1417297504082	81.80558992821804	224.78567847374592	182.70153428348155	0.0	0.0	0.0	35.89841984150411	66.72048726308576	72.14583561126386	56.31352298411235	867.5440490953456	0.0	0.0	0.0	0.0	0.0	43.26297711721708	378.6668547274568	77.17349543827628	0.0
ARGORNPROST-PWY	110.08487026844884	72.88763035094347	0.0	0.0	0.0	139.3762673844796	129.65270194411218	40.37363644939107	116.90838337090473	114.90900531931739	127.98174508360812	97.1066399092563	81.44673725212135	101.99564305669475	0.0	0.0	0.0	36.56120077029021	0.0	81.02522686542606	0.0	376.6666791110655	0.0	0.0	0.0	0.0	0.0	0.0	224.67902361537946	0.0	0.0
ARGSYN-PWY	374.768722941784	791.8370323249221	1171.1965210729772	1074.0398870377926	1538.7874186309705	944.8343924855445	1424.3948182336064	1122.8398331008689	1563.3388052619607	1210.0010191368108	1488.664299536098	1400.7145995258716	1276.7701027916723	841.2894409463892	236.3085200603448	161.48342107658127	147.64835429856583	397.274878766231	290.6446902646587	489.53876685255875	383.3695176664867	5399.64512337503	353.10847436273525	62.8005136946317	111.66822513294551	276.0306725279229	370.295525494221	292.26059474774496	2588.614881528178	664.871615862257	36.07998255955655
ARGSYNBSUB-PWY	369.8051370238075	685.2844849220975	1214.6278278578943	1113.8944861949794	1587.2924330784842	877.7344119334165	1390.5995734589383	1135.4619548932492	1549.2260427643455	1235.927505425085	1494.0096121480367	1437.5519610342692	1249.3413357576303	798.8242018083265	237.0970895945036	153.41566532034838	151.36944915570206	393.245500167151	296.197011200028	504.4957923775704	410.01456401645487	5548.554153663258	361.6511559595656	55.92069985360539	102.06190672719771	276.3065589561247	379.50249983701315	297.9585656843476	2642.853769741183	687.5408809005947	31.138040310815104
ARO-PWY	351.61730503025575	655.8915694114262	1291.5271510110338	1214.92050327349	1662.649832668884	693.9290325687249	1273.9948111767073	1231.6911247973374	1360.2771444139755	1243.2602328891217	1388.951441950653	1418.8080433935074	1026.8308970284345	630.7250276788095	216.12431245872787	141.5125602257734	122.80629249850878	375.9868971635048	316.48372624721424	549.3487352400778	404.2514224625961	6066.2409949485755	384.2650076023552	71.17557472870887	161.6148740495835	292.5675631657719	446.6753860657023	260.8666384165423	2709.153785944097	769.6254014497848	29.110409045560356
ASPASN-PWY	496.5596134982905	1248.4585110278074	1108.6194338292187	957.2275003003251	1361.4733643133968	1215.3410061537486	1708.9316483954058	1481.3001812177306	1550.325145253858	1940.6147448781226	1602.321648304629	1364.1014005233028	1320.1846333578471	888.48371362639	265.25952170062004	199.12826157476766	160.14752370916753	450.8415570175439	302.63381410717676	466.08379779917345	345.03202314029903	4948.8592616557235	321.8884330250142	121.11542390194076	177.70267379679143	292.13309503784694	296.0112872698786	270.02895944355555	3584.791821589156	616.1647148391464	81.361767959344
BRANCHED-CHAIN-AA-SYN-PWY	534.097540945108	930.5690294994843	1454.2107283779121	1307.205667856621	1919.9250023989425	944.3368119417747	1538.312266458011	1405.292668447573	1753.9059771664993	1400.943010619082	1745.531629783408	1608.5856873428263	1455.0637961610337	927.89583800204	294.9908524137672	202.97185870410266	192.7891233606417	504.4387140726132	356.7438741312599	590.5646485366201	460.0393047676963	6683.282710123354	465.3699648973964	113.62893580667378	199.8120958343439	318.72259011470544	471.00506325438084	317.0143812470291	2941.690799023173	792.3758790607451	56.652934074578454
CALVIN-PWY	640.305061711168	1756.8290194426356	1575.4053839840294	1487.9810782192199	1968.6962002883138	2025.5615267244846	2474.1499877309006	1803.5549549783143	2125.265076388212	3005.2111467802424	2122.3541314188315	1953.1593245230379	1807.7062811099267	1268.9973716485279	328.61627209504144	267.5450679860229	250.9876256316025	504.7989317701666	368.49063978698337	653.569688340422	490.5635248206013	6980.440394861341	448.7373471036875	137.1143376259542	186.78771928970343	362.43896616153353	482.5037435625512	382.25020147312085	6887.897754197053	827.6844546785435	90.7019252174138
COA-PWY	545.25	2997.5603252968144	1159.497696447611	1023.4830496990253	1448.365544715118	5370.28258557566	3531.6602822051723	1692.8454504593033	2147.7567539862944	5977.149577564935	2046.8026348989708	1535.247383515112	1950.5566723375591	1794.7833765107514	351.5	286.8287641427328	153.0	504.5	307.5420389926889	480.60693866943865	400.23235481320296	5145.033850820244	371.0	120.5	121.06201550387597	336.25	352.95321327683615	348.6551971326165	13799.17934935959	648.9000577145056	325.07705611068405
COBALSYN-PWY	215.49673960378888	212.63037420382167	939.9122106193443	873.9112105161605	1357.6565609792792	380.2200931317061	874.2189024674399	849.9042298636414	997.0858589784447	835.2485919162045	1047.8422708094624	1081.3526638049862	699.055970180188	399.91305132143196	176.93496051687004	101.59588219001016	129.07726864330638	278.7793222287206	243.88045427375968	421.1758427704731	340.9821337672066	4041.301518043983	314.24447541309974	33.078918117821416	0.0	175.25012506253128	329.0674093394579	179.1946608002854	1660.332252954337	608.3922098160258	15.439330543933057
CODH-PWY	0.0	0.0	13.921777721017849	12.921704887653464	0.0	0.0	0.0	0.0	0.0	10.989928835989845	0.0	14.9315451923428	0.0	0.0	0.0	0.0	0.0	0.0	0.0	0.0	0.0	47.78047734743462	0.0	0.0	0.0	0.0	0.0	0.0	0.0	0.0	0.0
COLANSYN-PWY	191.2708519120404	630.7105325461556	382.58349114161234	238.9565497761347	350.5496481318099	236.9999849025354	519.7393475312592	515.6946772343454	500.622924359939	227.7148407559175	562.5500619568727	460.1931828958582	421.61761597072996	287.19128506949005	34.55149782295883	108.37726632089439	22.903865946508716	109.98070246550459	92.45718409497582	103.94112661396946	85.16071642727508	1684.1048318383089	46.74845511653482	59.36942457532083	0.0	64.32544968096423	62.16893181878805	106.10155959956019	993.300055775997	71.58882653610934	41.913004953531726
COMPLETE-ARO-PWY	362.48021952043143	691.4337164844414	1348.9614615045205	1266.5746865469337	1742.0047905513245	720.3264155308317	1301.0744813224496	1275.8558659645792	1415.9503997621557	1282.9007961846703	1439.996443112446	1467.9014539780212	1079.8978817588131	674.5553992074523	228.83647946449554	150.47252686054938	127.77422865545236	394.50066793402794	327.1382950756837	566.7332850611137	422.5570879652505	6312.668267299288	404.7152860993156	73.16803946867257	165.05911386385216	307.0039868093197	465.21615781387885	272.09932482100805	2781.2322980052677	797.3702408968234	32.858382706078
DAPLYSINESYN-PWY	426.04721675673966	730.5257564989897	1279.2317409786233	1188.0505387043745	1680.0397729635818	1032.1477732894973	1697.0186186413225	1303.8628074797698	1775.34762536034	1418.7423668479298	1697.4460231322694	1561.1300046708625	1513.2374745010898	977.4670813335903	262.73677460586754	207.07569590513612	180.39683927044368	448.13593108427256	333.0112722517944	544.4793408412518	435.95647511757255	5652.7531874037095	410.05633266787027	77.57540180926199	114.98159273495166	319.30347195988605	425.40024301510334	301.6096942720836	3024.522800097056	775.133290530636	58.23722591580728
DENOVOPURINE2-PWY	501.86712367353414	1852.773483450372	558.5700037089141	368.7194830956114	598.0869921960102	2276.875809821232	2352.0113935866057	963.9726939769309	1958.1555216668596	1553.2171680488216	1703.0817458198903	1105.1858543003862	1937.3667973543606	1778.3457238498113	235.9611284690116	301.42736718452977	47.995919228414735	426.87753712711736	166.69520692405575	226.97290326360272	187.25824291723555	2632.8482718012974	135.0996477765394	103.40831779707987	0.0	277.4621924165985	0.0	332.15929359888764	3602.9326190999577	174.41344242533165	380.19330604674457
DTDPRHAMSYN-PWY	391.1822912497757	2369.435064645564	1066.2545708727864	978.6302839003912	1456.131305529589	4548.505578572506	2664.203842494906	1461.4148942997674	1383.1152543575188	5575.240207467869	1443.9642175390645	1293.3917405581592	1058.3460816315153	858.808176177174	286.191087613293	152.61330409356725	145.37541528239203	336.1192467221557	255.21939872428138	457.94428520278666	323.29578566598656	4979.359691330393	365.36140151812907	85.09111617312072	161.0	267.42659076906085	396.43828337874663	268.47825330675573	13083.505331752734	615.0164104249221	39.77478134110787
FASYN-ELONG-PWY	530.6820304807084	1627.5987768571038	670.9641642238186	257.50315529666943	637.7906224335809	1665.9320119387612	1746.674718974163	970.6818568448867	1552.339179699986	1014.1346336787911	1399.988373632001	564.4600600860546	1586.7555119601247	1673.3531485772482	219.34304864950286	304.82510215052247	64.16588873141593	415.2344631711302	181.99073687752716	167.80592981675562	201.20050924578686	2656.28069719225	180.94068940148122	125.98222851972618	152.71928399824046	260.05187707997567	120.1516428443586	329.13330961264865	2491.773566910049	201.74081537366456	375.16513408498145
FERMENTATION-PWY	355.9632894131627	1913.161700150406	637.7634621483736	210.0815468222101	455.67504300922536	2412.1151409827494	2224.5484983870742	892.9845498503566	599.7549521504294	3717.8678651306464	669.9062010936339	468.5981042928685	469.8529487776672	537.3968194402901	153.50593326670952	147.9172757525608	33.95360043890828	225.83807686453156	136.51959179164433	140.55710197496578	142.88891021532325	2191.770987431433	100.92365424822161	71.70151577016948	0.0	159.0397525294541	176.1456282649241	172.83122631914216	8108.311430093446	146.22621207106516	43.95675481736263
FOLSYN-PWY	306.50484053470075	790.1932205601572	0.0	0.0	0.0	620.9238229281259	178.3390060491025	383.5831670613755	494.6009900755338	553.4809973038925	515.4448355420806	316.63359407021414	286.61621320109174	439.89904828752583	0.0	0.0	0.0	141.53275175390468	0.0	209.05317401007156	0.0	1388.1747889872602	0.0	0.0	0.0	137.22441656213925	0.0	174.21488461725406	1643.1800895256085	0.0	0.0
FUC-RHAMCAT-PWY	0.0	0.0	0.0	0.0	0.0	0.0	0.0	0.0	0.0	0.0	0.0	0.0	0.0	0.0	0.0	0.0	0.0	0.0	0.0	0.0	0.0	196.79564839752314	0.0	0.0	0.0	0.0	0.0	0.0	0.0	0.0	0.0
FUCCAT-PWY	0.0	9.06502337441564	122.66664687280972	120.401929446354	121.63067121631383	40.62503921174341	62.74826072291986	90.9007214678754	82.34691991793348	28.06095209847249	64.04142902130936	126.97011389637986	76.60831809542574	32.772693350092304	0.0	0.0	0.0	18.307439394290213	31.05355201588127	0.0	11.217477059255074	685.2670719569891	0.0	0.0	73.14285714285714	0.0	35.33003661400668	0.0	67.14403305336008	20.336435072852904	0.0
GALACT-GLUCUROCAT-PWY	163.45122286382573	392.0458727850671	736.9082575591698	667.1737477597698	1016.3354896015052	305.8831584017376	469.6528477897914	608.9141541139121	558.5035815529938	310.46272332918033	514.3979654424563	633.827556461651	404.1012247459122	223.8612508387805	63.59942399795334	88.35451301475648	17.767816048322427	135.01820527569248	144.01983084680728	159.8723092473523	171.23643699131512	3019.6088532937492	210.79796370440323	50.09668508287292	153.07004806365896	41.19517471757724	321.4826693494848	42.60589712676883	1111.2883520194928	334.4000951183821	26.16552882131522
GALACTUROCAT-PWY	208.851013669532	466.2437438995988	973.6585359082015	827.013429396249	1386.7303769600212	428.8246144722496	632.9875013277664	863.4761328511476	853.5717473558256	557.1958086685456	867.1431239224997	809.5749454095412	710.740401855684	393.8903697393297	216.2645555239989	131.41480190498922	23.068499783766597	311.09312768572573	198.02320478515892	231.3153172081963	265.4877286178405	3947.696105349591	377.71353447881177	54.50154559505409	181.6700100300903	51.408559645410726	371.83588972231604	63.013278476946745	1458.1414666531393	420.1451933021746	32.9078947368421
GLCMANNANAUT-PWY	571.8815177531408	1579.7577336120758	1014.8975191122076	834.4385983462832	1434.099721895225	1870.1850156685489	2054.084125191729	1258.611823279376	2022.6770993192663	1764.5760415348159	1784.6777379494197	1272.7053256365452	2044.6728128789414	1660.1461022740518	317.4698402281558	335.61207171832416	132.29863383978827	512.0581500383777	274.613137963628	417.6532411689522	287.0680297767153	4427.732604820324	328.32787940103975	125.79698558881215	87.77758700389619	345.0009459889391	146.54675568197976	284.9774565971804	2798.84216137833	526.1041271689572	412.84862070968614
GLUCONEO-PWY	567.9164639103479	2290.324148913445	1130.5827487747183	573.9521952262951	1066.1598842998835	1687.0455862765518	1340.9578812635618	1475.9782230674516	1155.791154983733	479.0055891500445	1514.2847053960318	436.2849206524202	1218.9989327397222	1127.1816254251974	240.99880628982322	277.64874549085545	128.56899818180474	426.27685619588107	262.03850146101087	332.0659746006604	306.2573844059785	4379.22532143954	314.07353859167034	129.24051548291067	167.11220690031013	294.32774807556234	341.783152304945	313.4093861863741	2836.5886980580703	385.4238693880958	223.68554383092547
GLUCUROCAT-PWY	164.6881451411185	399.7899871987074	714.4932143043854	693.3409102921316	957.4142986387698	318.9061669893209	490.97872245952135	581.8468878844384	519.9525582349376	278.08108911778436	461.5033365864881	662.0290002950877	356.55847908658166	201.90563289224127	47.58635992568404	80.01363599330595	19.63128071823325	109.00901415732982	140.32378526874385	159.42820162767873	157.10172276542093	3028.027631591538	179.68061412250128	52.76184538653366	143.09629820679547	47.035546220859395	335.47501271724485	42.53420938661412	1126.900817641614	355.1920991787382	24.350350298784257
GLUTORN-PWY	307.8285690121786	441.83988764044943	1092.914381638565	1019.1165598817151	1424.8985626392277	518.0663598574821	927.0094625593971	968.4257673668917	1114.3536380696644	931.8092297506523	1161.078180576672	1190.3499535784658	877.4823882665434	509.4480160746889	186.65212649945477	113.86986301369863	138.2770642201835	313.9827969019056	261.1657740993184	455.69275274056025	362.7257106545224	5045.755738866498	326.5499533146592	60.48456260720412	127.38172920065254	229.88555357540653	347.1328072756986	227.48260227752002	1991.8391137772849	625.3672327752737	22.26724137931034
GLYCOCAT-PWY	571.6683624746495	1081.0299143888212	1773.3082723116454	1552.2804955023107	2425.53423621961	1266.9603586957949	1957.939300562583	1707.7208983655185	2188.701541069662	1951.8140303306488	2146.292239787038	1863.7881327814446	1929.5746689277578	1196.1099506030046	433.2083903314113	271.6261579278328	187.91242062768956	650.0225531390986	424.9589769503952	647.7639499495632	590.2715201815016	7715.514275804442	615.3336861473047	116.56120517673538	227.58255255320535	365.5075742038037	611.3472248140521	338.2651690659002	4196.034486407991	951.9987631681986	96.90663719073677
GLYCOGENSYNTH-PWY	656.2993426526828	1434.3630479740575	1613.5715289189288	1447.6712774336977	2079.380544994677	1680.835926168273	2388.4781433975704	1655.106680723931	2392.3210782275264	1733.9992060196994	2286.94290391134	1914.673958711612	2299.786226481213	1767.7842796060702	336.74407205116506	352.6520110984001	194.4428614722016	629.3889592956406	395.9242073927199	625.5185329318174	524.8254487093473	6966.20924699082	505.36966149610464	138.40240518201637	194.68773880402745	384.4259823525678	511.7310883344285	396.05660597101524	3754.0360257275465	883.1593468347302	369.62944374738595
GLYCOLYSIS	618.2041089563116	2257.0122705507615	1165.8393791292388	638.2485940315194	1323.7303314985777	2741.7257733198967	3030.735804358591	1922.3144034535744	2310.865860033472	3921.1538688260343	2268.592496730015	1930.4857584851025	2026.2011662964792	1575.2053787525356	380.6243670918853	304.8512994495056	130.41405967111675	552.5894133501077	315.2057672873068	459.61455798394934	383.3022249319799	4541.633165439413	328.24708351602374	134.22051035186556	170.6359351909884	383.89079900129985	205.03692358492512	401.17385414368744	8984.293919119833	485.45663197308016	168.12568368394722
GLYCOLYSIS-E-D	0.0	260.41017273864884	0.0	0.0	0.0	0.0	0.0	0.0	169.6068581731441	0.0	0.0	0.0	0.0	0.0	0.0	0.0	0.0	0.0	0.0	0.0	0.0	64.09412407945428	0.0	0.0	0.0	0.0	0.0	140.1809126351344	409.0966903737121	0.0	0.0
GOLPDLCAT-PWY	0.0	41.239583786843134	0.0	0.0	0.0	171.7228763975182	236.1914576050545	55.239918948435985	59.06041904761906	161.58006411944183	0.0	28.76066760347061	0.0	100.54774566673274	0.0	0.0	0.0	0.0	0.0	0.0	0.0	0.0	0.0	0.0	0.0	0.0	0.0	0.0	385.51479918658765	0.0	0.0
HEMESYN2-PWY	283.6465323048058	227.6885889066463	204.95026794905277	84.26517573311308	241.3908732629287	378.6331851400689	848.6655579023114	362.39979871487793	734.3959492721348	394.33599515329627	721.1919170682174	484.8682032538128	517.4790847352367	351.2356876172094	0.0	78.6897404920942	19.21897121283624	174.0066643457502	76.80260787241725	107.55712235755763	84.20991763772413	550.2399314024748	55.21400982655405	56.125346308756086	0.0	152.70084152725582	0.0	141.53393085787454	1089.2397899333282	74.09288901055099	0.0
HEXITOLDEGSUPER-PWY	0.0	36.79515056056479	129.85462720383697	0.0	48.42834962442794	0.0	0.0	63.4183082835054	133.5953193500735	0.0	86.11147374987547	128.79730487687235	57.28754193090391	37.514380715078104	0.0	0.0	0.0	0.0	0.0	0.0	31.565749600936805	74.21762606192831	0.0	0.0	0.0	0.0	0.0	0.0	180.23798755580827	0.0	0.0
HISDEG-PWY	17.0	0.0	0.0	0.0	0.0	0.0	25.0	46.0	43.0	0.0	17.0	0.0	0.0	0.0	0.0	0.0	0.0	0.0	0.0	14.0	0.0	64.0	0.0	0.0	0.0	0.0	12.0	0.0	0.0	60.0	0.0
HISTSYN-PWY	378.3326715346956	619.4262365591397	1148.3962946629651	1036.0363701723186	1464.1724122319547	589.0207035871251	963.3272209895026	1043.905445194806	1147.3059588462181	967.173876782079	1244.0550204185581	1189.822866756806	916.3584799230556	566.8455860109203	199.30622458554896	135.43729372937293	145.66459627329192	354.0717356260075	276.739445678868	458.76319960633896	377.21706701199446	5264.141303034155	342.9217647058823	81.82403433476394	170.13809245172618	254.0828435177997	370.6279702891936	233.67062056565342	2091.122092991528	595.3639597026688	32.31355932203389
HOMOSER-METSYN-PWY	117.79713699647023	180.0513219468852	91.16060308904831	0.0	41.24412283467172	170.39652191302963	126.1860715415479	66.34163239263023	235.65530524217095	132.04599911317024	249.83528708656144	139.57262591894556	128.27064442843687	199.25961239294801	0.0	0.0	0.0	41.82574459036253	0.0	79.39616505223954	116.84248255321455	261.0388428708882	0.0	0.0	0.0	49.81470684229555	0.0	0.0	480.1486625124378	0.0	0.0
HSERMETANA-PWY	98.27147188460427	174.61619820524794	0.0	0.0	0.0	166.2254114778796	125.75004019750072	32.460126635502704	235.79470791988405	133.06222297585973	177.21019377060628	81.1157627864821	127.83515833762623	181.50987757742962	0.0	0.0	0.0	42.06160940118451	0.0	81.48887618413796	0.0	263.05290783420264	0.0	0.0	0.0	50.47754645451096	0.0	0.0	485.44900952079945	0.0	0.0
ILEUSYN-PWY	648.6828710152337	987.0916365762884	1585.0462901348023	1416.1618760710533	2111.0657265076743	1088.4649153239016	1672.7521236092955	1589.1629229636367	2035.1026388124656	1638.4788259242398	2039.6937254030054	1819.9547290403254	1698.5978391475485	1029.4078600888984	362.1248501402218	235.96600296615284	213.7490161279114	605.6334615715513	391.94398196044864	636.1821102045498	492.5261669205945	7136.828523510556	521.7116827491697	134.99339192791336	212.62650629926435	326.34412795567107	504.00509682480197	332.39192809197164	3443.4017592165774	853.2778684172264	56.742506315221675
LACTOSECAT-PWY	254.4466019417476	1363.473533045816	162.93129770992365	66.98760671991188	197.45604974282924	2110.5233460323375	1950.1254580040218	489.32977296618054	1114.2326467247744	1198.1846753005284	971.7473750544151	533.5061548368749	1244.8533703911908	1286.9170440919074	128.6201550387597	198.49730561970745	19.429783968035395	195.78015703069235	65.64233343959198	49.4445673821642	68.09956202025992	551.7309509155017	42.77634961439588	59.27214170692432	0.0	147.5886908097448	0.0	149.60578451344273	2616.075562911381	67.60163825392935	345.1428571428571
MET-SAM-PWY	171.6231499301791	280.549433171983	137.220034062934	0.0	63.36975887073253	268.95034999893494	194.24754033594058	101.34002810113275	353.0370977414591	202.0089889768585	371.6858517242978	209.56765119591836	196.07174870493105	310.56987535621533	0.0	0.0	0.0	63.100295343532466	0.0	116.61863180986576	161.88273108155315	397.81968249919163	0.0	0.0	0.0	74.41740333919337	0.0	0.0	727.3858101654088	0.0	0.0
METH-ACETATE-PWY	0.0	0.0	23.055862645806947	21.657061874951495	0.0	0.0	0.0	0.0	0.0	20.168982527845433	0.0	28.411089503853795	0.0	0.0	0.0	0.0	0.0	0.0	0.0	0.0	0.0	86.88907116781616	0.0	0.0	0.0	0.0	0.0	0.0	0.0	0.0	0.0
NAD-BIOSYNTHESIS-II	0.0	49.65770882393684	115.97734629359972	93.83994927139068	19.261291504426286	19.127550411645387	76.43006940809427	170.4286275241336	96.99502820114405	125.79841554386167	240.1724375976456	104.56908818076325	23.080314663903152	82.16215831814748	0.0	0.0	0.0	0.0	36.47002601815961	84.72114467408586	69.1080037474849	639.7783534266808	0.0	0.0	76.87925696594428	0.0	37.13058101552251	39.25353145315021	57.51714959901872	18.59208045254557	0.0
NAGLIPASYN-PWY	136.3888888888889	327.09251101321587	141.11111111111111	35.016931084216466	78.88888888888889	88.05555555555557	80.45380875202594	191.56272172106225	84.61016949152543	18.333333333333336	131.94444444444446	19.166666666666668	84.99999999999999	82.77777777777777	20.555555555555554	40.27777777777778	12.5	51.11111111111111	27.777777777777775	24.444444444444446	27.222222222222225	728.3387838991442	32.77777777777778	50.55555555555555	107.77777777777779	36.66666666666667	40.27777777777778	57.24874371859296	162.53647139275128	24.166666666666668	17.5
NONMEVIPP-PWY	378.3648860090408	720.3476750815256	1250.4894028318506	1139.4450860174977	1622.09388880267	739.0575361711394	1255.2799287715666	1192.1172656685112	1344.392316330191	1245.2552439632505	1340.5087192132448	1324.8775537988197	1062.9402122271515	633.1843915744932	228.81934024596887	155.3667636646289	157.38410298286982	371.77782717536525	290.13412136805243	467.1371428934078	383.48574240650595	5656.550140625108	376.8529446267327	87.62922898385969	171.87493403693935	240.56250523764479	403.44924357936117	242.01256927732314	2556.847490859323	674.6747552916326	41.78379200747025
NONOXIPENT-PWY	802.735701247338	2897.3597351800963	2078.5978072004496	1909.6904777204056	2599.0878537808326	5495.4023867532505	4104.188574923153	2471.283000107659	2928.775963467716	6730.433097894216	2818.149534571251	2585.121525892492	2359.778125226086	1721.630393345816	454.4039235412475	324.29834354825874	343.0039784043962	692.3342457045452	501.9235467064173	836.2426884488331	702.059906542577	9306.521280390602	587.1269342803876	162.32361963190183	232.49440919256014	487.0044470795296	671.8779145148135	472.3480062783545	15501.555868129612	1134.3841606191147	58.38204557179797
OANTIGEN-PWY	363.9123287452298	2538.0309778252995	911.1615333800593	817.4367305445522	1152.334033379191	4836.736627325535	2914.836954597341	1326.258184903251	1601.6813666689511	5658.913734605433	1533.877449394115	1290.6298349809479	1347.5239368982711	1181.3483476128533	254.5539604503764	195.397751303271	97.22530193391937	343.0365871367271	221.90992508301986	354.76427949469627	276.7783302975526	4331.559238464644	118.07014592007062	73.10783887736538	0.0	238.25542663856243	173.83929401960543	276.39771852636943	13191.279965513806	378.6159852398558	83.78596333336246
P108-PWY	213.83317878757134	488.82075501155185	292.8715080367757	105.73739243758895	154.83839709044491	174.56382187308398	124.71404106404258	351.39030825551816	145.35742137684252	59.054906832919286	260.8865019153906	60.92253024269254	228.55112229915773	144.31078702918956	35.70934230773914	66.07327414866836	21.574829827209165	85.92298919890378	47.035047940713824	42.601289471530784	46.890138525607874	1044.4771215175633	55.34805469566209	73.9913294689952	152.87306392278768	61.16805003507131	68.89381047027047	40.298399438165674	258.89985836330067	42.45018481209712	27.863870077071084
P122-PWY	330.8455476418557	2910.518833824958	411.16619935637607	241.13688467883313	369.5062904436967	5370.8239274274165	3204.9425802427236	1175.8491810254532	1540.642708491431	5771.671736509326	1394.966606983096	856.2614752936202	1538.3795045413005	1589.7996546560398	238.6136372048689	241.12001196846796	22.586447734001386	299.00453569546534	124.27938685497742	111.5405179050505	135.63875285389238	1412.9124423471487	78.35532023722382	77.86054235992492	0.0	159.58741306278657	0.0	197.5098638608756	13620.439367875737	141.7219736861468	333.6301121992142
P124-PWY	406.39002487830123	3286.6906765461026	580.1433708708693	379.733845299655	540.2111734845503	6043.469548485005	3824.692565415995	1474.8547128565713	1990.9753103533285	6538.095803160695	1827.4137465464912	1204.0984325374257	1951.932972510158	1936.9412995303587	291.11586311371286	297.03207662326736	33.85181938592477	396.21618080566964	187.9862957545732	155.04616737740403	218.20978965331992	2072.256735590981	104.43927814239218	94.2922973866897	0.0	221.87357629902866	0.0	275.2706096534961	15365.494108855455	289.7232284690442	390.1115071920847
P125-PWY	0.0	0.0	0.0	0.0	0.0	0.0	0.0	0.0	0.0	0.0	0.0	0.0	0.0	0.0	0.0	0.0	0.0	0.0	0.0	0.0	0.0	42.42738378857078	0.0	0.0	0.0	0.0	0.0	0.0	0.0	0.0	0.0
P161-PWY	526.3135513135513	3727.8289601285637	724.6779290228487	760.9017044726387	924.4758812615956	7175.904043958018	4490.696634891467	1577.1973423624863	2244.1208362426582	7599.800285759645	2048.2265570894315	1672.971656333038	2113.938034891376	2241.271740534953	248.0494983277592	295.43985079266395	155.59100191547125	367.3179026924893	240.85374149659864	454.06757438224906	255.27311220889203	3628.659478513296	220.2063385030344	110.0355239786856	0.0	375.04306220095697	292.9972057282571	395.11441465357046	18013.96817141605	538.3664921465969	456.74833501513626
P162-PWY	0.0	0.0	0.0	0.0	0.0	0.0	0.0	33.40459679874171	65.92927813250171	0.0	0.0	0.0	0.0	0.0	0.0	0.0	0.0	0.0	0.0	0.0	0.0	0.0	0.0	0.0	0.0	0.0	0.0	0.0	0.0	0.0	0.0
P164-PWY	240.27616313000445	77.0456812507323	301.66002717397015	364.7256219330387	342.911099765691	170.42983324422926	409.4113421868601	315.66203976772647	322.69763573846177	319.33626531564704	404.6893716617286	519.0023899437167	232.33376792698823	224.77561057484252	0.0	23.42252687984968	140.55890623479766	62.22294152813605	120.697877502803	271.144021642289	116.15048450146924	1600.0440314487723	29.49152542372881	54.353279868394	0.0	60.33035084176154	86.11872028317076	126.42632693284472	453.5749897365449	306.58256668566503	0.0
P23-PWY	0.0	173.20603961176323	0.0	0.0	0.0	0.0	0.0	0.0	108.89371099749937	0.0	0.0	0.0	0.0	0.0	0.0	0.0	0.0	0.0	0.0	0.0	0.0	67.39943416618425	0.0	0.0	0.0	0.0	0.0	0.0	246.07603269276484	0.0	0.0
P341-PWY	268.5660776781369	54.39626617425704	237.2251074532029	281.0200339510758	245.78570899975261	102.55973886034715	216.03630545857666	275.21220991910803	246.77084488397045	169.64667449904198	338.22975466774767	416.71309586907756	132.51732882672462	106.2330821555412	0.0	30.7087410957825	146.9569130444375	33.687824705427325	50.54707281014847	174.7944919250398	98.90358667252904	841.0390198554045	38.99417024913006	60.40384578285697	0.0	0.0	48.12926307360043	55.106528021731	79.73173047984807	52.8981654834854	0.0
P4-PWY	206.57046958019384	375.64633814363475	0.0	0.0	69.84337009607057	378.7409227095242	303.75156981789405	109.74293485710152	417.29508969307113	307.8815085045181	462.78654197799773	245.2396105005454	264.68320094595856	412.94060530933154	0.0	0.0	0.0	96.9928402819448	0.0	167.37663963312167	82.76000693437595	858.9115610241034	0.0	0.0	0.0	106.03931432597776	0.0	0.0	1004.1877282419495	0.0	0.0
P42-PWY	397.85907023271943	969.2048881731006	519.1610372835861	164.5000223729598	327.1305243211847	434.0960530975488	377.5252944692846	695.6426040616661	369.95590547066104	108.87403552158068	608.4030348901514	112.40439092540024	417.63453963178995	385.2794699607453	83.31766679955827	147.7006915814979	43.99087658323465	191.98821978517967	107.78371476702807	101.86549417968239	122.96245149132181	1709.0941978521705	107.71335371242519	122.22039986281874	183.19857640021937	129.81262781469852	89.49479110814984	155.35408027422918	694.5491240826279	105.40740343386715	60.72227584027485
P441-PWY	0.0	495.5400944710499	0.0	0.0	0.0	0.0	0.0	0.0	334.72933512555653	0.0	0.0	0.0	0.0	0.0	0.0	0.0	0.0	0.0	0.0	0.0	0.0	132.38429936405802	0.0	0.0	0.0	0.0	0.0	224.03934377554012	804.9851500071264	0.0	0.0
P461-PWY	37.7152172704874	161.12875711151017	103.81356420130251	0.0	50.98020675393212	0.0	0.0	45.105878163914014	110.7303545251972	0.0	186.42251238018474	81.77336049018282	50.99466644416775	66.10564782108399	0.0	0.0	0.0	0.0	0.0	0.0	122.61610130424478	38.63506446124673	0.0	0.0	0.0	0.0	0.0	99.11799761620978	237.97976696331548	0.0	0.0
P562-PWY	10.0	5.0	67.31293302540415	36.769340974212035	24.000000000000004	12.115384615384615	8.608108108108109	33.41701244813278	51.26923076923077	17.307692307692307	70.83700440528634	85.04314720812182	29.203539823008846	26.608695652173918	0.0	0.0	0.0	0.0	0.0	0.0	54.99999999999999	110.20108345464526	0.0	0.0	64.0	0.0	21.999999999999996	0.0	46.0	10.5	0.0
PANTO-PWY	235.66518213548164	532.2892764663753	497.90436858204833	192.42785132712783	700.3812179014416	389.89459228178464	450.8709698463595	515.6089304046736	651.9566883973555	604.3655087856562	701.9524957352721	285.8153132118315	547.3485860752886	328.44493275500196	218.94875900720575	73.13351703406813	63.69042891452917	247.05515719801434	116.31135439818458	163.9868055753194	222.02928339842867	2179.4288699578615	260.0711374583179	53.88452088452088	107.70344827586207	78.74737513448225	76.35314688986944	118.74588831095203	1019.8618391711343	42.08219854902867	20.67381656804734
PANTOSYN-PWY	302.20333030664636	761.3762188372021	631.1981153632502	264.55614322699824	876.118602084107	460.93919304136136	559.8091431793652	644.9639789312237	876.1659796835937	697.0985324542537	939.6030008541165	317.657299257793	768.4692008033502	469.7806622823424	258.69276855160814	104.8859744025015	36.945211268295424	311.49814011520164	149.04655784487082	197.6228236560825	269.061154319241	2689.2309890051183	296.14607162947686	69.54862579281183	111.81622911694511	106.59669488997689	103.63591327574946	154.44602827986148	1201.9969341040876	61.144063722619414	33.42267237550016
PENTOSE-P-PWY	363.9258394595115	714.4326584464512	510.20461792663184	265.66499153528787	462.52875262047667	947.2404365185241	1643.8104849334022	1076.6511645516264	1339.109240653121	1809.505777986215	1326.8342587336283	880.662565677888	1142.3515100348898	801.8983433815879	258.31759241023525	139.99571900661437	38.78756948323213	334.40340196308193	134.61967831112207	169.24284902356234	148.26903733874641	1752.7194391242554	135.44498449881004	69.87933432309235	109.33238001566504	206.19819259584875	85.77148472420853	216.0340856311553	4344.162955900358	142.32939511405826	0.0
PEPTIDOGLYCANSYN-PWY	577.3981491688783	3221.470945199207	1306.726658234515	1123.2510448448247	1655.2330976032133	5733.716022521893	3811.90805612176	1828.7521805314937	2341.3350523555696	6377.232683176739	2216.2190210307967	1745.2082748681307	2131.1399628300587	1955.5662038441426	369.91858852157765	322.9603076609653	157.69187427911757	537.2854428428203	332.58757891744386	515.3148336358287	428.81338850338517	5772.312705382346	383.29270530357525	127.19012265978051	161.00000000000003	355.3837046881293	387.97813077495397	370.1461269059533	14682.317125593745	703.7728291241702	368.2352807582064
PHOSLIPSYN-PWY	584.2845477677484	3453.7500659628745	1449.4338894071004	1293.024207646992	1909.4349958534106	6415.879689745545	4004.327342827705	1948.7754165016183	2524.1126169579748	7387.094887136647	2372.481522634574	1941.1790157964945	2268.2000045524264	2004.4865384566149	417.01786016409886	327.95716112366733	180.14301234511967	577.2755158916756	367.18634414705105	588.6142045046433	477.16727941718756	6468.087936522592	444.3366256904351	117.02810435070812	142.9037578857355	383.2929367136538	432.52877509611136	405.0226378162527	16901.389766470227	806.4244450883431	367.16087708403046
POLYAMINSYN3-PWY	0.0	0.0	0.0	0.0	0.0	0.0	0.0	0.0	0.0	0.0	0.0	0.0	0.0	0.0	0.0	0.0	0.0	0.0	0.0	0.0	0.0	128.2211286815937	0.0	0.0	0.0	0.0	0.0	0.0	0.0	0.0	0.0
POLYAMSYN-PWY	0.0	43.96385141104869	130.62058073859413	62.49138965706737	122.09730089937781	127.08607927393413	160.8010782303785	219.57934623650857	147.9830131518104	45.029510431079956	180.95069696648957	46.829848461351204	131.24997651675054	107.68151015731416	0.0	0.0	0.0	19.070956273295938	39.94029985186109	41.877698816106054	31.91704029444568	494.13887189492607	0.0	0.0	0.0	0.0	0.0	24.49275794611378	315.10179199646046	44.31857609753218	0.0
POLYISOPRENSYN-PWY	398.9248913718187	2855.1043177480915	389.1980097403005	156.7508103616478	432.5922951436819	5225.4490815521585	3241.480219998675	1254.0369166240732	1704.1953930564753	5749.657404432311	1561.838562673511	1017.3247388138184	1635.9525812619504	1639.9646180055038	268.3793313069909	249.272442915233	36.86746987951807	341.0981924767953	124.1139028475712	175.97628751389405	137.1582054309327	1331.2853508729809	101.68736616702357	85.33463035019456	138.20353982300887	223.07807246918193	112.2847510373444	247.6024177300202	13300.47616796818	132.90351154697882	324.4900100908173
PRPP-PWY	0.0	0.0	0.0	0.0	0.0	0.0	0.0	0.0	0.0	0.0	0.0	0.0	0.0	0.0	0.0	0.0	0.0	0.0	0.0	0.0	0.0	160.65118395485095	0.0	0.0	0.0	0.0	0.0	223.82414138147095	428.6804786917437	0.0	0.0
PWY-1269	122.75000000000001	297.0	127.0	30.25	72.57518488085455	82.24265734265735	79.00351621867104	176.05782085561498	88.10622887493965	16.5	119.48605371900825	17.25	76.5	75.40339531123686	18.5	36.25	11.917808219178081	46.0	26.039387308533914	25.269941557415887	25.983298538622133	714.5166985165012	29.5	45.5	97.0	36.34782608695652	38.65331491712707	55.581643543223045	153.58098591549293	28.907065812099425	15.75
PWY-1861	369.5442125105505	302.4862592816423	438.84336982115354	483.7877027890502	426.9352223177726	405.94697784902246	388.8225357056927	474.1471726614526	511.9028689064757	455.13848997467016	650.3435249238257	774.791563858015	318.56545126817184	354.6497535061179	0.0	43.38488484148969	185.00169961062602	100.86918211054338	90.55663065279938	320.2343326739123	182.68808772119766	2023.0080591879182	61.09360043706929	65.64170081974989	123.2859042907379	120.39501954756739	143.81309616363419	98.13341133809405	849.1186309438777	145.33170549752458	0.0
PWY-2941	448.82315805704735	1251.4298490487502	376.0517829791186	160.130806970144	465.7597353524511	1441.2727728636994	1711.1791682476694	681.435194177053	1622.5337756675426	963.0607236081175	1399.778079333957	840.3639352725289	1653.3048161254912	1485.0809810123208	179.95092402257282	261.57893478769375	44.753595266864494	359.90762690807367	141.00367343545673	193.71144872752862	160.6780446972282	1510.7195744534754	105.75437713504645	92.2781083402976	0.0	266.3333764710683	0.0	272.93986242805505	2237.3257808459825	159.2526341849008	326.28752093760886
PWY-2942	655.5581911262875	1460.1173765475314	1442.7404361490437	1266.8304377963614	1840.9217731443682	1649.4536939921966	2160.34200092437	1476.5299788571726	2229.158798964454	1530.337847416163	2087.42638951791	1709.1229143458604	2072.3568954927923	1676.3711559317028	299.00846741051157	320.0427570913254	197.75141048219425	556.6644904067874	365.9741133747431	583.0754991379785	470.92991240373567	6386.700439421945	436.9842352045528	143.1154257862765	180.91288315056963	383.599337152907	427.53987897273214	395.94221289272963	3331.217364662346	773.0827475886684	335.27538850740865
PWY-3001	536.2058514307724	1111.767598746896	1383.0561222183783	1223.4867777847035	1765.7044267040728	1204.5182311454691	1710.8801163363582	1378.4610351350154	1784.6184204189603	1396.3168033959482	1733.6737223822845	1541.5128618358497	1577.250376534297	1115.2889064742958	272.8763892970857	242.28390187611328	181.89866556106625	491.56839795762625	353.1799247968468	573.7561841507087	455.3019735739009	6304.3374539248725	422.66523046009246	118.5087379976244	194.5185131699692	334.9243420388672	437.6619363903879	332.2726207656051	2974.5344191934564	781.4583597546327	93.4238411037698
PWY-3781	0.0	162.61006220085986	0.0	0.0	0.0	0.0	0.0	0.0	102.42645039255824	0.0	0.0	0.0	0.0	0.0	0.0	0.0	0.0	0.0	0.0	0.0	0.0	39.70207176571532	0.0	0.0	0.0	0.0	0.0	109.54128723806878	229.3057267208847	0.0	0.0
PWY-5022	19.00990099009901	0.0	109.25580867312038	62.37171376639116	59.30000368741474	64.0252009540603	103.06411281061315	84.55901890926893	130.20908214289793	63.69666722030309	183.6769307239099	140.5120117844542	95.09734320755824	74.60431338123482	0.0	0.0	0.0	0.0	0.0	0.0	74.7435356598849	247.0970403233194	0.0	0.0	0.0	0.0	0.0	0.0	95.48593784591957	0.0	0.0
PWY-5097	659.8395555872984	1452.2468942458531	1477.564979586195	1350.116834550666	1893.5987977230354	1641.107227455522	2165.7811463511002	1487.3051499118308	2222.4455330414708	1527.142914813565	2082.2539893439084	1732.983892039442	2059.8702428051647	1669.7730527868446	295.5711879215841	318.75635561971086	203.7896745628824	553.3862532555033	370.81118353347483	598.331028630667	476.02606231432964	6651.538000300354	441.85210899743953	144.38473658327382	186.12279908165272	396.45605909513466	442.7156622898269	402.33595331928007	3348.991344335129	803.7452211722989	334.91227436823095
PWY-5100	810.0917087726641	4134.748100082619	1709.0844267762852	1452.770049832408	2176.3500414280434	7588.371426357197	4940.288922411322	2371.72891724784	3137.533037294217	8592.577321679108	2904.5343953675238	2255.2907281144685	2874.3547531513627	2538.924860790951	546.3653942478826	404.9607376579875	237.00046835237634	670.9573834650754	365.74002105348757	584.263279482291	443.5571417409158	7065.064166206016	448.47031431897557	175.25758032247472	271.23833388350386	387.1629246733467	443.8595922939882	426.5347685814232	19236.15186687256	763.8280446418809	460.1113390262902
PWY-5101	662.8834735656333	1022.383734056697	1698.733567388848	1515.440979816714	2258.344273502099	1093.862693440012	1729.1949634999778	1673.3973079221428	2092.5656739898222	1689.3649095921614	2108.4419584532347	1924.7036863124385	1724.936591157552	1041.6181085659252	367.1986385407822	244.30126982379298	225.12341340862176	621.2988970594287	416.91507387811913	681.9012580983817	522.7434495749651	7677.590642590492	546.9264974841825	138.57058864711487	228.12383608099893	349.55054491986823	540.7133544615815	355.8174360410812	3551.0394641494763	916.7435134782331	59.83310003022253
PWY-5103	510.0008384119075	836.7995609569715	1423.1822482704547	1279.1029577980016	1884.3987149937468	832.637801949539	1383.057568844878	1354.90515544932	1600.9801326262696	1328.0159427521007	1605.5677395257858	1515.8216266222894	1310.920414079349	806.7802457238633	282.29362968734284	177.6775961085017	191.1051798489294	481.0236135766796	347.26603805913453	583.4527722293898	456.15204694175105	6541.489369920203	459.9241740463871	107.97943968281518	199.81209583434384	305.78859237352435	471.0050632543808	295.5339906893607	2704.0987197300537	786.6826509086521	48.536990636290675
PWY-5104	685.9066865790304	893.9567534847984	1672.0367356712852	1504.336395708072	2225.819036757508	1041.5127321596765	1638.3344642859252	1582.2273399020783	2020.1555181572016	1555.5074852254472	1956.1423327125553	1894.0387974007594	1652.2099857943952	874.8151306983493	282.29362968734284	247.70594253477688	247.0892094956859	516.2203949589009	377.6965506005842	628.2156925259466	463.5708286858553	7444.432961310165	493.2812227138598	144.93904699435913	235.73328576887528	293.39524641503954	520.6278438010569	302.65464436649205	3283.3912364970106	857.295186842478	59.74057524372359
PWY-5121	406.1024187891146	929.0150446741764	1237.219622945806	1109.7720271911085	1594.3094334915206	995.0497187485548	1557.1376380070324	1280.606814785636	1470.2071408263182	1643.2019730853203	1459.452195821413	1378.5383536012237	1216.2701311502872	781.9866465712638	248.4861629300552	179.24063779156316	154.75950922358803	395.8041550238277	294.8444057343616	471.11762411601205	386.3640659218458	5565.277139357112	371.48368835858395	93.47262524657052	167.75450671910852	259.06789907838333	391.9184482963113	262.8994988828713	3430.2876523288846	670.403370634163	58.16122456306001
PWY-5154	229.04384700441787	478.4834120612391	278.7451170785475	72.86889334927366	167.3248536614646	181.73726525252894	150.13855290248299	361.482714137213	120.52631253695365	40.563771235024284	271.7406784765767	42.46073680931534	179.8861031204453	171.27630476366713	42.21598275266643	74.95018275262774	25.558546684843726	101.29136249242202	56.3219808883766	51.88229813524565	56.54775669226799	903.228592336928	66.52470086995015	62.39054301274078	114.48418974784352	72.21838513170401	80.18711043143146	44.531188654702106	205.99260339393624	52.104494431038404	31.766061195916215
PWY-5188	140.9513151342451	301.92825301145183	584.9323319644466	566.4172032478318	907.4075868348792	359.4032733325164	525.7180992552701	539.7510773699219	867.0195318304411	724.6190940755163	794.962153465193	705.1444677984425	684.0895815611892	380.85838534528114	181.76283185840705	51.72655601423188	51.93990563329481	232.96327948867582	102.10952148518338	183.08619041495572	183.79305996536817	2901.961899691511	253.98463360084202	0.0	80.08290155440415	55.81810178545097	68.92840712333506	112.85019899318405	1177.8597933968445	27.522140115794027	0.0
PWY-5189	147.5309804707573	277.01451468666164	541.9945671641536	541.686885483698	827.5256331978366	354.8465065552779	507.8516178802714	515.4593881768682	860.8129586673941	695.8428904208845	809.9043106288415	666.6211409912994	662.6217644409338	382.62451450267207	180.28703094140883	46.702643373273574	51.763110983956516	224.45528353286974	93.81552171707628	166.89661166951134	210.85572225938864	2673.392435999455	252.48211973651513	0.0	0.0	55.70836736209073	59.458641201419084	104.30032595256827	1195.3613782344555	20.482215346806225	0.0
PWY-5265	0.0	0.0	0.0	0.0	0.0	150.48068324487437	43.6158219138312	0.0	97.90270939948165	0.0	34.8643140516241	0.0	0.0	43.43616541039375	0.0	0.0	0.0	0.0	0.0	35.536793065258365	0.0	980.3741357291642	0.0	0.0	0.0	125.55914715323851	0.0	0.0	140.15781671933837	0.0	0.0
PWY-5347	215.52295133244434	351.3304907897986	195.40304415420778	0.0	93.18855756859469	336.1167301455378	268.7577143826844	145.81640117184241	468.7878047050497	274.60979268810775	492.98305991189926	291.4499047082319	270.41951739814925	377.94882535521333	0.0	0.0	0.0	87.83757388511812	0.0	156.63300511838798	203.89851874786632	576.7566067836942	0.0	0.0	0.0	98.77766318767338	0.0	0.0	921.5090088208627	0.0	0.0
PWY-5384	0.0	29.36685281517748	98.54544971577326	86.70597803985359	132.80027303754267	233.91760832814307	421.635453664837	74.59521458486354	434.6412048429964	23.454988181595894	298.57292320569155	284.24517733575607	548.7180012287528	25.82359081419624	0.0	0.0	0.0	21.598340248962653	34.410790925812385	0.0	0.0	650.1819081325874	0.0	0.0	0.0	0.0	0.0	0.0	83.74873137118745	0.0	0.0
PWY-5484	620.9049385868469	2370.1256360324005	934.859447226634	416.1741049383979	996.7199612017027	2840.0743326140237	3179.2014906281447	1961.713170380098	2331.21705438993	4097.009679213396	2284.096705562741	1820.6018916074643	2071.6980653896044	1639.7995567622863	387.02358043483605	311.73607166981725	98.2570601274164	532.1334844972297	265.2893531024591	367.9736259280593	308.96157035536055	3389.7401823754026	254.10708040281878	135.62459965588775	158.33370824306152	370.71308031552854	130.63974862819126	388.4821812687889	9393.36170394949	340.98287451747643	172.61327229151348
PWY-5505	381.49387206448733	360.90233497151786	1334.5118763673868	1240.8403430347169	1900.7046239218628	515.5212581498826	1029.2555621963313	1129.343668585305	1302.0178922791451	979.9118898065577	1280.2360722447274	1291.1453135510465	1140.0896355546727	484.2326256854678	281.60700184462775	161.80838915040115	191.45732470042728	416.7813557042187	324.3920062067839	539.2368434093091	386.92074642429975	5906.302321385734	469.38151838755863	71.81357444819368	139.51921621879578	302.67817771354703	461.93282580384584	245.5546035682865	2035.5852500876479	764.3471566505494	36.39809917215894
PWY-5509	213.16560580263913	202.1495283194312	925.9724723411247	860.4131972879147	1335.4098218147742	360.2451636858979	819.806418058119	814.8163195191016	954.1209635027506	794.8924415754403	1002.6559875640638	1047.0114121772995	667.0149292421356	357.7030092586987	176.55978681337572	100.75678496868477	128.8457399103139	270.46654794391725	230.7449959050541	410.38901270112694	325.0029879853377	3936.2308475076616	312.3293363409711	32.63873656503619	0.0	171.534019444929	320.50497903885434	166.23596185815586	1583.9096010233236	589.8277592401281	15.260545905707195
PWY-5659	209.92546353077068	706.9573783892467	609.4249022330628	494.8290147080965	647.928424720992	416.23069844207885	939.914852132387	766.350180233202	798.0739280228319	689.2119727909493	861.1457590615641	782.8826041223148	662.6324183137668	477.9432165405128	34.29030016675931	141.4567694968915	58.38070281817189	172.40729742700736	157.54592742401292	223.6188062726655	153.6159545338721	3110.3271632764013	51.76540144259193	62.938371489720474	107.70344827586207	78.51176581548887	234.25489148866984	179.96540673050637	1739.9902901521527	306.6158512026107	56.18526924098838
PWY-5667	646.1398386498109	3418.1248554974777	1565.0433047883243	1378.4363468838123	2043.165636745858	6162.664760460391	4149.93472599151	2080.956410892169	2652.475833486379	7004.881454500941	2503.4203338519415	2042.9394732800058	2387.8450051227455	2092.801077768796	440.1826679745781	349.9838207168933	193.2268970806138	617.250573294912	393.0167514279659	627.0334154394511	509.9429422498998	6923.948055431351	480.5109481779393	134.13117197122915	173.32535885167462	410.37242036784363	465.51870992030155	427.25272714283216	16001.988191332293	857.395888792162	382.2836558475993
PWY-5677	0.0	0.0	29.9937345648021	0.0	0.0	0.0	0.0	24.418937008699213	35.72539336944674	0.0	31.30645562054263	44.344409954339575	25.64294941155722	19.7767695905648	0.0	0.0	0.0	0.0	0.0	0.0	0.0	0.0	0.0	0.0	0.0	0.0	0.0	0.0	0.0	0.0	0.0
PWY-5686	613.5931192573162	3411.133770484871	1491.5582932860002	1310.5348465228928	1862.3946587924877	6114.357739481071	4086.168464384139	2025.737694260699	2508.2885463948214	6886.5966333876	2413.2548798421008	1954.0663514146975	2249.3712340207517	2030.7662043791852	396.23305742369377	339.2983695957971	170.95645324631482	575.5262756240456	376.0023034477211	596.2090158382249	492.8168134885541	6577.577063186819	431.8123546629201	134.42819614711033	181.12500000000003	399.5250714166128	455.66764202440635	411.6932562291519	15939.760976007858	822.570722108601	365.1351568526613
PWY-5695	342.1067561499234	872.4652644900161	435.04484042030015	275.6559165935777	260.90264335478497	493.8665302229836	470.6781811221855	559.1449845997189	354.8573468086137	361.6131057943793	549.0601897562997	537.7063711791847	362.25847279992314	338.9680430025337	66.09861429907336	116.64531355360755	39.23076923076923	166.61396887056983	114.5949449125081	108.95092462823854	121.28642377950415	2021.2755832714554	101.80930232558138	103.69267139479905	200.249501281869	128.59523147436437	123.3296614735711	133.99949816086294	955.1674907133712	146.66149600332145	57.55181880576528
PWY-5705	0.0	0.0	77.30526315789473	100.58874458874459	47.71331058020478	45.02732240437159	65.75342465753424	57.06051873198848	106.37413394919167	0.0	145.03401360544217	173.12021136063407	50.09345794392524	30.73972602739726	0.0	15.145631067961165	0.0	0.0	0.0	0.0	0.0	209.4077834179357	0.0	0.0	0.0	0.0	0.0	0.0	76.78899082568807	0.0	0.0
PWY-5837	68.86198830409359	129.6912114014252	0.0	0.0	0.0	104.26357016155087	24.61420102276327	23.729320858695832	45.84972462627852	56.21789883268483	79.0949534194463	43.09351007748281	50.01196036091748	93.71649681126476	0.0	0.0	0.0	26.35802469135803	0.0	39.56521739130435	0.0	94.13875007459114	0.0	0.0	0.0	29.810344827586206	0.0	0.0	207.9595227081304	0.0	0.0
PWY-5838	154.9165308070215	378.94135675659606	0.0	0.0	0.0	288.6525630164958	78.17232002474043	75.30031124850939	125.78063408210262	105.23088597166907	206.72805058227502	83.82294635133862	130.66406888782785	221.48747445227477	0.0	0.0	0.0	63.42460258284587	0.0	60.93853048110255	0.0	260.6946850607791	0.0	0.0	0.0	63.04974746053045	0.0	0.0	569.1945846973924	0.0	0.0
PWY-5840	161.13617691303176	397.8578777510933	0.0	0.0	0.0	339.4011833193679	82.35616724934292	76.55305380290784	134.49728367337144	187.71211706697343	221.92886390493896	116.13606117006145	140.2646671886301	251.40368516626614	0.0	0.0	0.0	66.89431961379644	0.0	70.96649963895757	0.0	267.28435101781366	0.0	0.0	0.0	67.92485757117397	0.0	0.0	684.4080088579952	0.0	0.0
PWY-5861	127.98403283061312	267.7067473988162	0.0	0.0	0.0	197.09097247606215	52.87674488106073	51.90433326756704	94.19950940381604	70.67511992249808	157.1967421690356	63.24499448366294	102.0496905085072	174.74808912840044	0.0	0.0	0.0	51.85830003425399	0.0	52.299989115053876	0.0	187.63806578018523	0.0	0.0	0.0	53.50827880195549	0.0	0.0	385.9039212561875	0.0	0.0
PWY-5863	77.30468041755186	147.30885721024444	0.0	0.0	0.0	118.82789542693932	28.10256538917881	27.065867399989383	52.24161598146335	64.1631685052982	89.90200818932311	49.065086421575344	56.94956786990474	106.30921971022116	0.0	0.0	0.0	29.90029026342317	0.0	44.70664899971762	0.0	107.3247522805514	0.0	0.0	0.0	33.64287703486164	0.0	0.0	237.1579551579584	0.0	0.0
PWY-5897	148.79356585349504	354.6206315153325	0.0	0.0	0.0	299.5591947868012	72.33971155286584	67.60062139695282	120.1211681774276	164.97219183816964	199.47383953760064	104.66848109899158	125.91786077483889	227.25995864184526	0.0	0.0	0.0	60.82077092919482	0.0	66.38297872340425	0.0	239.46286234841966	0.0	0.0	0.0	62.51722905190967	0.0	0.0	602.9539742536916	0.0	0.0
PWY-5898	148.79356585349504	354.6206315153325	0.0	0.0	0.0	299.5591947868012	72.33971155286584	67.60062139695282	120.1211681774276	164.97219183816964	199.47383953760064	104.66848109899158	125.91786077483889	227.25995864184526	0.0	0.0	0.0	60.82077092919482	0.0	66.38297872340425	0.0	239.46286234841966	0.0	0.0	0.0	62.51722905190967	0.0	0.0	602.9539742536916	0.0	0.0
PWY-5899	148.79356585349504	354.6206315153325	0.0	0.0	0.0	299.5591947868012	72.33971155286584	67.60062139695282	120.1211681774276	164.97219183816964	199.47383953760064	104.66848109899158	125.91786077483889	227.25995864184526	0.0	0.0	0.0	60.82077092919482	0.0	66.38297872340425	0.0	239.46286234841966	0.0	0.0	0.0	62.51722905190967	0.0	0.0	602.9539742536916	0.0	0.0
PWY-5910	193.9186100317733	2528.2951022216776	181.00878951565304	71.27128976218502	213.48351249645168	4934.895641508396	2793.2382613478226	886.3988720693188	1240.588676295562	5386.17243582521	1094.0891043499425	638.3018040914	1159.1567375145198	1162.6648669706435	198.30299539398814	155.3059358126093	15.43265516353335	221.95644753734624	66.33550703662473	69.7950042622402	70.64400931274774	512.330370233732	50.251452577078325	0.0	0.0	105.42748651628325	0.0	142.62778175228812	12535.619151383604	62.26611235111596	62.93052251883661
PWY-5913	0.0	1075.4269810747899	27.713416773891684	25.706724511930584	0.0	1165.2809136832857	1334.0618523904743	659.3444343142245	352.77141928141765	1856.4905303843677	372.79084158415844	270.3576538506908	135.608255766896	328.6238081048868	123.65339578454332	0.0	0.0	0.0	0.0	0.0	0.0	1093.867730294397	0.0	0.0	0.0	0.0	0.0	108.76494023904382	3476.7565454580376	0.0	0.0
PWY-5973	630.9837592491557	1666.9730733184517	1452.054328384858	1283.9546518192963	1845.9982168003773	1815.8627566608727	2227.4701130245967	1534.9802168142085	2193.712247308975	1678.810372864545	2068.169740781847	1692.7159739704591	2015.330173415101	1816.9148449979907	322.17950890367604	335.390092553639	174.61034772854737	575.0119070401576	359.26624437653845	576.3378729289248	465.7137026505226	6333.032868262514	444.9441869409597	134.95791972378075	176.64768413059988	365.21156461447214	451.94081679518484	401.2683637357433	3733.293903212833	784.8497702715437	369.67587950196366
PWY-6121	678.8952489975838	1681.9301256167723	1466.8862072512165	1226.540066976644	1835.9488745966964	1785.204400107705	2324.716682307539	1546.645989549311	2389.26272721462	1582.9015904528544	2217.7739117465785	1747.967381783143	2283.033516071741	1870.761477764479	332.9694338215223	365.242943221408	176.56052597637813	610.8073722531764	373.3900028812184	574.875741826399	472.2581116414609	6335.718700958043	431.2197674904228	153.77647265603892	209.65798966296973	408.83579937989236	425.75609107269395	423.9422739045066	3442.156271089607	774.0144417654388	393.74694612663706
PWY-6122	681.6748211953034	1698.7099058496872	1492.4461597680481	1261.8736935909442	1887.461045999384	1849.2452491170304	2416.4497863565225	1571.4398319898978	2491.8274906804486	1652.0099390160287	2290.6178625439693	1835.9965361956445	2377.2970277211434	1939.0560664800983	344.03976876394114	373.83241153389577	179.93199864502532	628.0069400605374	382.5510200466895	591.5094752797017	484.60506802247704	6455.716566776338	439.65045395901177	150.9967839253733	200.27643400138217	420.0949701370676	430.0237992805883	438.6699268282756	3578.2981709429705	796.6574058672015	406.9560705158319
PWY-6123	552.4765055856419	1549.594383016386	1251.0615679289174	1072.75	1586.566275912485	1770.2964940949062	2117.9664551345013	1351.3791190512486	2031.8748567845746	1538.716347802509	1895.910183611662	1511.8567818266135	1927.8502915650288	1677.1023569476297	286.6954277286136	303.66721707100214	153.0	504.5	315.75000000000006	494.75	411.4971449121176	5521.919134559012	371.0	120.50000000000001	161.00000000000003	336.25	373.25000000000006	354.50000000000006	3345.2201700284495	673.25	359.67071806725824
PWY-6125	424.46200747779756	1912.8267621652758	363.65307799432435	254.35234868424595	373.664695326423	2527.5448711325557	2227.6434523463568	723.8208171635746	1684.025173125398	1368.1302000526684	1405.1437621916764	837.3942814299586	1717.044797017416	1691.8118783834987	185.05817843441045	266.0038137863591	29.436340990363068	340.3981773304788	112.31074359729112	153.5975757674653	118.39859071264438	1912.7287946865288	84.89101906514766	83.94565088091034	0.0	218.9397554400486	0.0	286.10570665036744	3332.109927944316	105.07680610928443	373.6168494990697
PWY-6126	609.311120203623	3360.703508355223	1057.3641419999938	740.227889441962	1164.1201894923395	6021.3858569940185	3994.0513479674987	1821.1034394425503	2505.4743195406236	6698.190627307301	2357.7573644356194	1710.6443341106506	2296.632941845337	2084.2371585201968	365.62225607483924	345.7214060573073	118.96269129363662	563.1167488689601	287.4604284530941	381.04322933371196	289.6169637192537	4707.307714475026	220.63628360223296	132.6728944016106	151.2296643013399	362.6835936900976	199.01315122672872	404.6352956624629	15302.700434157285	270.99180380466436	390.0148567411987
PWY-6147	377.59326315789474	777.1584401418052	659.9335554364409	570.5196800000001	906.2474144789181	675.920522875817	687.291428177763	703.989035269156	817.1208722280685	816.5631156235793	754.5486235648983	562.8324249545487	670.4614350529323	412.88293634511126	219.84523160762944	77.80952380952381	142.40236187262758	275.6775	172.39659988223394	327.2402299414443	179.0232039607862	3319.9322661644683	259.78191731031353	85.39753639417692	177.70267379679143	225.29657293497365	104.84042021010505	143.6995873364351	1153.8804414961626	265.36677966101695	18.0
PWY-6151	545.25	2949.915590179454	1136.5245362559715	932.5657599270781	1535.1293216486456	5274.577115679148	3453.808019051826	1621.7937106788515	2064.0485165793016	5812.22121934302	1982.9525832050776	1484.3698273427894	1860.7065232110701	1764.8995009703356	351.5	298.25	135.13138686131387	476.01096844884063	298.0741509433962	473.6443769983129	379.3215057098548	4694.755516475358	371.0	120.5	113.08290155440416	336.25	353.3348817032247	321.7051118126294	13548.462752859616	647.5093956498174	332.75
PWY-6163	342.3704932071564	727.2741365110699	1293.8130330482381	1202.9848930542958	1678.4315295493661	721.5285145322568	1296.426371311459	1262.4944942906443	1357.987806079676	1297.6268729450626	1385.4346415244966	1393.9101920012508	1035.73183516619	637.0490234637202	231.8511483142571	148.29558717833734	108.19638906285779	385.07704959977974	316.8137038436111	542.9205130635074	397.1906812779471	6036.220115642189	389.4215054770579	71.61259586227361	170.7115928369463	288.12437535108	446.4905842001631	255.90654944162367	2829.930684557591	766.8516067817578	35.391509433962256
PWY-621	713.6513249651325	3247.740685859442	1512.389719295466	1322.0369776335447	1905.7744005733646	5724.68064698958	3974.445047510712	1979.5316376508968	2664.9431521030615	6160.762528404479	2468.2502478132747	1962.7723543188592	2501.666125198787	2212.0699823943664	381.62303664921467	383.38353541799614	186.69678055190536	605.4147750722245	395.17346616065777	586.6552998310812	490.80055216406464	6347.107597054886	396.3367458542305	157.59493670886076	171.10880829015545	439.54130133899315	410.07996059917775	416.171034388744	14121.703895963428	823.609756097561	449.76895674300255
PWY-6269	214.0338466669897	202.92958286200655	928.0946269636279	862.5441103889378	1336.5769352621624	360.7217571237826	819.6589269454198	816.0349050877381	955.3265395687099	794.602708455978	1003.4189567235845	1048.450420248607	667.5867338898651	357.22091113780493	176.7002903538015	101.069817104674	128.93246578415975	270.67989873364616	230.51014042638153	410.7440778135767	325.26673935719344	3947.049980091264	313.04477167930986	32.80242491044365	0.0	171.74668650645464	321.7413867423027	166.3938568006968	1587.166317776842	590.9344478702787	15.327102803738317
PWY-6277	681.6748211953034	1698.7099058496872	1492.4461597680481	1261.8736935909442	1887.461045999384	1849.2452491170304	2416.4497863565225	1571.4398319898978	2491.8274906804486	1652.0099390160287	2290.6178625439693	1835.9965361956445	2377.2970277211434	1939.0560664800983	344.03976876394114	373.83241153389577	179.93199864502532	628.0069400605374	382.5510200466895	591.5094752797017	484.60506802247704	6455.716566776338	439.65045395901177	150.9967839253733	200.27643400138217	420.0949701370676	430.0237992805883	438.6699268282756	3578.2981709429705	796.6574058672015	406.9560705158319
PWY-6317	563.2399801177995	3331.816445136674	1299.196750810552	1120.8371701071062	1687.033014652306	6035.335402009425	3785.396319613978	1835.774249264228	2227.724634574005	6646.51685401127	2138.9873214557488	1675.2759913957939	2035.8690521218582	1871.7095567288466	371.5185803460136	307.94146560135346	162.59691913206325	493.18827200940837	307.01504742297396	504.918349142935	408.7956384745427	5421.076486701345	394.57690817351175	115.4102183831271	137.4687319858553	346.594073239865	405.39734900712654	335.50637709054683	15457.273461793946	681.3820562123024	339.5346630962774
PWY-6353	0.0	149.84551738943614	321.2353863736494	158.6764349109487	221.30839572179957	250.97323421694696	399.48667309262333	366.10378679349833	318.8668150814007	293.42228870990067	440.32315294432647	174.13549265382463	287.9053963572464	283.8673561312231	0.0	0.0	0.0	81.82752754189627	93.50970220214177	86.8525392747102	105.46590073938309	1465.7561605707167	0.0	0.0	145.22536829308322	49.91851086360785	80.23751068893809	93.01956924096297	687.1020117520757	93.8451910954783	0.0
PWY-6385	577.3981491688783	3221.470945199207	1306.726658234515	1123.2510448448247	1653.7544289478453	5730.615344307866	3811.03547487262	1828.7521805314937	2339.222529253073	6377.232683176739	2215.526299887624	1745.2082748681307	2131.1399628300587	1954.669075316178	369.91858852157765	322.9603076609653	156.9895540693894	537.2854428428203	331.5208924496975	514.6059882588703	427.15703872721963	5739.689835100367	383.29270530357525	127.19012265978051	161.00000000000003	350.8797399976279	387.97813077495397	365.2206822374417	14677.788447006697	702.1191659847925	368.2352807582064
PWY-6386	574.6044621914442	3125.3181353472723	1324.4072266829342	1144.181430718209	1675.4708023587432	5523.269543485812	3723.2204637190857	1806.1826136368582	2326.244967763763	6130.0889244870905	2204.0899784812723	1751.09734198925	2112.271195464104	1927.648092586838	362.94223898372366	319.9061665776829	158.82098736472557	533.230411150847	332.53564802891333	521.1550999018166	432.377770269165	5852.34985105163	386.54616477272725	126.02398720682302	161.00000000000003	352.5879695801557	396.0881410465975	361.46576724013596	14115.405415353025	708.1784798144189	362.2018358229792
PWY-6387	586.0363816380623	3281.9692655932818	1322.8897156899604	1136.6280912696902	1673.984016145788	5836.692802774273	3887.8977506239617	1858.2461240122584	2390.0764515153633	6478.56093929413	2257.9226251766436	1774.850673061103	2176.852753106576	2002.0130760981172	374.82884330886424	329.79118926243257	158.91015280631132	546.1586102861559	337.0813507663167	520.7259720823822	435.4771842759157	5839.680969704049	386.494227976111	128.98036006546647	161.00000000000003	360.51228128783583	391.84358527411257	374.27586433274126	14917.016648420777	711.8409312812769	378.3215670262848
PWY-6396	0.0	0.0	0.0	0.0	0.0	0.0	0.0	0.0	0.0	0.0	0.0	0.0	0.0	0.0	0.0	0.0	0.0	0.0	0.0	0.0	0.0	90.2456676622259	0.0	0.0	0.0	0.0	0.0	0.0	0.0	0.0	0.0
PWY-6467	122.75000000000001	297.0	127.0	30.25	71.0	79.25	73.0	171.25000000000003	78.0	16.5	118.75	17.25	76.5	74.5	18.5	36.25	11.25	46.0	25.0	22.0	24.5	673.5	29.499999999999996	45.5	97.0	33.0	36.25	54.25	150.75	21.75	15.75
PWY-6470	214.5500022743948	570.1536244825833	0.0	0.0	0.0	580.7601836357817	387.9869391360964	99.29075795962363	305.6520311163029	430.8681664187407	342.2622840803752	226.46015869673607	222.57678691139765	466.67452987493266	0.0	0.0	0.0	110.72824291333053	0.0	144.16540270322847	0.0	676.5439639968203	0.0	0.0	0.0	112.97790954903704	0.0	0.0	1425.6888441672127	0.0	0.0
PWY-6471	460.927562649031	2973.1069351396127	711.1928518805437	494.21958294181854	855.4015837582525	5462.831885200179	3537.807396275012	1546.6013589070155	2038.2689931118114	6101.4852794784365	1859.4728062801757	1330.5653246693187	1911.0703925202315	1797.4016964180116	325.57143264360616	274.26364735345066	63.098081591648054	441.2359262161402	236.61220406253994	254.43806692615001	290.4417934976559	2745.173827494095	176.55842971688125	98.44668810543133	0.0	272.3960814182002	0.0	292.1421225990278	13870.000592445924	402.3647887235167	341.5661063160496
PWY-6478	0.0	0.0	136.51126568020243	203.00900108753498	170.90020234722783	28.121739130434786	142.9485126036046	148.8218234220725	102.1336780472968	43.071925754060324	61.108674350240314	180.68370459233813	83.49618199593098	22.450765864332606	0.0	0.0	0.0	0.0	21.6	43.01989150090416	39.30304417356578	623.835657516048	0.0	0.0	0.0	0.0	143.18739944437735	18.83841288096607	455.1539146005611	180.19748459783307	0.0
PWY-6507	165.13069597227704	431.55097927811073	742.3296943402069	583.3231107889268	882.5969916859549	248.51605504587158	472.85099257987497	639.6362064875428	322.9236173782916	181.5193869670959	514.5340204629965	625.0179103178465	359.006348590453	232.04487299617062	34.54118840588594	111.7702495896369	20.658554044380814	154.0750379137988	157.98782982473546	171.05791687176037	174.16786148751308	2804.6291784883983	188.2243374815235	57.33739837398373	173.32535885167462	59.739799513159824	390.6595687663097	71.4840452325345	1285.7146826795706	434.2672980015914	33.495535714285715
PWY-6545	143.9876977338398	297.99743442810876	215.567309336087	147.34494268085075	230.81849292978836	602.522595271317	396.85930944391777	381.7157627548322	800.0892959529531	740.7362587217657	713.0928077825666	398.0127515554537	749.3609101850701	367.00447321138415	125.97336603058328	104.58189867619078	18.31107034593055	219.46946555893072	57.80040077216552	89.13613852824764	72.26297695313916	1123.479570766889	48.60484911250403	0.0	0.0	0.0	0.0	0.0	1247.6681246153587	0.0	0.0
PWY-6572	0.0	0.0	0.0	0.0	0.0	0.0	0.0	11.238570241064007	0.0	0.0	18.519944979367263	0.0	0.0	0.0	0.0	0.0	0.0	0.0	0.0	0.0	0.0	21.651364953484826	0.0	0.0	0.0	0.0	0.0	0.0	0.0	0.0	0.0
PWY-6588	0.0	0.0	315.1672351876203	279.5994117528792	145.46452544632922	183.8884899475725	281.29970056690723	314.9905130111236	194.17490993484392	398.36341632752277	243.1397465062148	303.67900135803023	152.07347394450326	96.06378842457846	0.0	0.0	0.0	102.05965069413344	99.56522391931456	68.74878153498909	119.9758442600713	1520.6314359706985	0.0	0.0	0.0	0.0	0.0	0.0	331.5107750524738	201.64557581292198	0.0
PWY-6608	200.81136388442192	87.0565727126122	262.19961083236126	223.83250007306478	206.8193826824977	162.08890394002935	303.8336422834391	277.1195148981225	245.69228730294037	219.59624938478302	335.5583735507046	365.7644307267215	212.15663070525963	210.58778943159982	0.0	23.392886863895473	37.81163966963314	65.83747995293551	93.6165186934919	99.7556982509115	89.70715150084118	1392.4205875277812	28.39765691034537	48.90706993275027	172.5795236746054	116.34206098724128	75.96132931300592	105.21056761705466	478.98537070888483	133.41681415559927	0.0
PWY-6609	564.0766932270917	1961.479828002266	1305.8075437792243	1128.674232383477	1604.0006623032568	2527.3711663579143	2484.54520444688	1508.8342147693324	2162.185183157203	2387.8663081333552	2027.6002331665147	1756.4847509620854	1985.0452858203416	1733.9934727544328	303.1548843187661	298.25	153.0	511.89013671875	315.75	509.3086071603727	415.73391270909434	5750.382717254544	371.0	120.5	232.30795847750863	345.4889732465654	412.61009586578786	309.9595885378398	5263.853930238475	693.614782138999	332.75
PWY-6612	246.23688163836687	601.4072390988885	0.0	0.0	0.0	452.3067833607258	121.68982420167133	278.17510788636616	357.6881641690451	402.34958227482497	375.67091690503383	226.30396930273636	200.8255483583778	320.66669854321333	0.0	0.0	0.0	103.64218448255659	0.0	161.65249399232175	0.0	1007.3388857157826	0.0	0.0	0.0	105.14742051621197	0.0	138.1990154710993	1232.079392761438	0.0	0.0
PWY-6628	0.0	0.0	0.0	0.0	65.17585733365618	114.79912594268532	36.51909184075136	0.0	85.01812172778776	0.0	29.436037325407153	0.0	0.0	35.601385381587605	0.0	0.0	26.504406731864126	0.0	41.898086249983166	30.85784041239341	62.634641137283786	1119.2857901761563	0.0	0.0	0.0	119.38390997322202	0.0	47.85188827502237	115.33017311446304	68.96687275608112	0.0
PWY-6630	0.0	0.0	0.0	0.0	65.16074001418605	114.40145791363673	36.508286024548575	0.0	84.99013698249823	0.0	29.429392598035513	0.0	0.0	35.56419567043908	0.0	0.0	26.46252590525813	0.0	41.83273953089859	30.847663113941064	62.5542778629216	1116.2226849825379	0.0	0.0	0.0	118.47928024502698	0.0	47.75641934398304	115.30065397660714	68.94025287578776	0.0
PWY-6700	254.84544798618197	590.7806984111795	283.4928228646226	96.0619477093517	161.50368102834892	266.8407929356361	190.4050638349671	329.80023654246065	203.24366576640944	123.10812707063126	311.72133481188985	117.06489690101174	244.4817562495912	254.93042231054363	34.74798907935887	65.02495741632937	20.994630529276396	109.33270464554028	46.434280799771535	94.27251801731285	124.76965055882769	1296.3130100201865	54.80284843336946	68.63548054127173	130.26894818095846	90.30841880026561	66.34204872795699	94.3293326852325	568.5899267947723	42.15234031756932	30.10714531321676
PWY-6703	146.6771670190275	368.01281537845415	180.43832440308543	78.6529033503322	116.34657429552428	107.0463039311479	221.59663379330942	212.3275873288019	193.44784814884423	62.68410564362162	258.574837006729	85.61377733252405	180.55499838819443	138.78670562454346	23.98045112781955	41.325	19.225703985792165	66.8435294117647	55.33678756476684	71.54545594982467	58.42806837848791	1111.7835447795567	37.86176284083704	50.73741007194244	107.70344827586207	57.42024965325936	50.25482912332838	88.25475778546712	350.4713859330392	28.214018691588787	15.75
PWY-6737	531.938352606609	1025.735748854026	1687.790239524238	1394.7050046518161	2160.4994045103585	1197.2954154920394	1859.6273984885038	1657.7297431426184	2070.8107421437553	1904.8145795197588	2048.9026208982204	1759.9584987872001	1796.8297727625657	1088.1491061754152	434.0097548873078	248.29569647939263	173.1098810282192	625.2995657775397	402.27208371544515	603.5009068361404	532.4019297608984	6978.320803219507	565.9188708206997	113.43425605536333	221.531007751938	333.1918580425706	564.956423650127	308.68418996823857	4106.788390245429	891.2116337714439	78.12253130621842
PWY-6749	0.0	0.0	0.0	13.257476581104747	0.0	0.0	0.0	10.62541011317309	0.0	0.0	0.0	0.0	0.0	0.0	0.0	0.0	0.0	0.0	0.0	0.0	0.0	7.994009000540157	0.0	0.0	0.0	0.0	0.0	0.0	0.0	0.0	0.0
PWY-6891	0.0	43.785229464781544	29.949490325248792	105.82377353889096	34.39323845206098	25.444714187918887	41.834746485405894	37.08364256196376	63.4526006859309	23.473628657828375	52.690489336448124	111.81630971127016	71.70069409558968	23.1046058983884	0.0	0.0	0.0	0.0	0.0	31.721108371877964	0.0	312.47549478950395	0.0	0.0	0.0	0.0	15.513293726741862	24.734976040131066	110.54554128983696	0.0	0.0
PWY-6892	330.957608022424	576.6650746071053	457.3470967354727	447.46785967563096	483.9397961548601	394.4944660726774	744.9344602777554	638.8313518778253	532.4735307250668	608.672928707623	696.7054660296751	696.9113041883545	464.69814733632427	360.3034174651028	34.84270385502195	73.65592200439697	154.25383715705678	137.4524122146882	166.73145032916173	333.2693629647689	151.37275350821284	2572.7704276498075	82.96323636571347	87.3248031496063	125.53709018589751	241.50616208161324	126.40498367221483	211.41347800408457	1071.5546713377994	359.1877141738074	20.866714624022816
PWY-6895	0.0	161.7529321379558	103.13118857577825	82.20964506501679	91.59110334589387	78.7236359390933	101.88886323374032	127.7983710308479	126.018899685146	41.35342513615748	142.51680409873356	58.204561376861314	129.3931665431941	71.69139095977411	0.0	0.0	0.0	0.0	0.0	44.28501271931208	0.0	808.2608104078487	0.0	0.0	0.0	0.0	41.85205694461866	61.58075071415869	234.82756687135085	0.0	0.0
PWY-6897	317.9009370875069	750.6216892198396	856.1238527189822	764.01586548114	1136.700890319091	860.6421390708422	1097.1934074100689	874.922367571659	917.2964913877397	1036.5333819563762	1104.0113910327539	1006.3181697713302	746.7369105326924	575.0657516817439	224.94509690839405	99.28167229479106	120.18309862468416	296.81563005191595	216.89693836388827	407.3851395281448	322.2652132855988	3535.9054484979483	333.7673704065708	65.16602186079706	137.8520613559902	225.89100434776105	342.05226749804774	211.67369882376119	2575.3853676322574	548.558556035746	21.726168224299066
PWY-6901	110.24886947987684	0.0	0.0	0.0	0.0	527.5210970427452	995.3850359217706	179.57449584950734	941.7960425102282	0.0	787.2571195842455	630.3271109045476	1019.960514510576	0.0	0.0	0.0	0.0	0.0	0.0	0.0	0.0	448.12320668972967	0.0	0.0	0.0	0.0	0.0	0.0	0.0	0.0	0.0
PWY-6969	0.0	451.2835329046609	189.88402719629684	115.53265803735901	0.0	0.0	197.4259876259553	0.0	291.8878885437819	78.46240467378375	0.0	97.02241937168282	0.0	0.0	0.0	0.0	0.0	0.0	0.0	0.0	0.0	1753.9054019520581	0.0	0.0	0.0	0.0	0.0	147.6193829202405	556.1630890941819	0.0	0.0
PWY-7003	0.0	0.0	375.85573353456584	198.63997344069043	294.12980748549654	361.5328775590122	603.9772474795917	511.63099750670006	426.2185030850848	488.003010942501	499.17643680532024	547.5487590587566	336.326934760816	208.45617550324835	0.0	0.0	0.0	136.40983497831417	125.80750936591137	105.66602342744918	140.20508111837972	1076.3954337035657	0.0	0.0	0.0	0.0	0.0	0.0	767.223553425516	163.75084639900595	0.0
PWY-7013	0.0	0.0	0.0	39.46877323164185	0.0	0.0	0.0	31.79957766455911	0.0	0.0	0.0	0.0	0.0	0.0	0.0	0.0	0.0	0.0	0.0	0.0	0.0	23.960190752643584	0.0	0.0	0.0	0.0	0.0	0.0	0.0	0.0	0.0
PWY-7111	758.4694158118657	1150.6931210483995	1848.593494087853	1676.402699990496	2543.973285750525	1294.3655505311472	1990.6347524918388	1979.7165875291305	2386.945884655627	2246.859247585657	2421.082309837173	2244.7529973777687	1965.2080099410443	1151.7082321158973	487.49713008883697	262.4660726812323	229.57271449311625	690.4900453060052	434.7169062355334	730.4408204694538	642.1065209180034	8305.830469374503	717.9875358546313	152.81792515292435	212.62650629926435	360.53521733605976	615.5990338098761	372.82696324779045	4699.445742553355	924.4632618028446	58.34633234418468
PWY-7184	311.80441684909687	1494.072863423205	235.24841986470162	163.73652559408015	236.64953317645768	1869.4526626514953	1711.8722496268376	505.7705203679927	1307.5462597653272	936.062977074437	1055.6237591480806	592.0836182889802	1387.9705849367933	1438.1487731396505	131.18232169525635	213.32979829535677	19.209408557434887	248.55033738355863	74.91158280446979	101.1333065967722	77.53283136817471	1273.7580717240457	48.95439822466998	60.775616137640206	0.0	159.15940093828272	0.0	220.51396549964417	2290.2707364937996	66.1175848985484	347.0108756697028
PWY-7187	355.952461515785	1991.5559615908592	376.8346990538947	283.7917939983302	391.17541202246724	2873.2435907541953	2324.9159559604464	788.8960390362521	1593.3061999999484	1741.46388293793	1371.6986960515262	864.2124105301888	1582.395170656275	1525.2176675617607	191.20324553944943	227.74339161196156	35.15879112180153	315.5031891421146	118.5009653381214	167.98363109565997	131.74577882550457	2038.0654856269684	71.2147097729373	70.02027027027027	0.0	208.35734195221673	0.0	261.3531170019368	4199.222593334047	124.76094908251581	319.4779362640905
PWY-7196	441.3686737125211	1713.2386007890002	373.14362712661864	264.03572836023363	385.21827437534733	2104.0473632741896	2084.484825176741	719.787658331596	1671.0050962567793	1256.1805501022095	1412.4776733331084	848.488896000387	1693.0792156231066	1526.8403683679542	190.0437150671112	263.9429053663986	29.225796555847733	356.8508369661916	115.64020647332828	162.09276619804956	125.14150123779811	1991.550065537303	90.93786767183565	86.29959102460077	0.0	228.838260397221	0.0	280.99626090844527	3044.72852359717	115.27487446153594	238.25932766491428
PWY-7197	288.5973556549035	1377.8920953737759	215.30948106655148	154.892893998129	216.54385044423637	1705.4896718479238	1607.3352221575249	473.9823897692009	1249.1260428254452	847.9679794620159	1011.0048437400177	574.4657000751438	1307.4831572368519	1365.6597923732436	124.2964248953544	201.219984315945	17.69070307220715	233.9894384454764	70.03504561864557	97.20999727365944	74.57851821378824	1212.174893994521	42.159955464835775	52.407592407592404	0.0	150.81460434374353	0.0	219.2246926290364	2076.151817477444	65.26670230627458	312.27058167626836
PWY-7199	377.0981302105192	961.1799581919184	652.8604881512902	307.7551332608105	828.5188727344803	980.463333918973	1446.8693610173875	1058.4256587233685	1266.170487511734	1655.6790416397835	1236.6813617847658	951.9506866813283	1163.6044421992153	776.6216053279578	202.2576938637328	166.97539518386105	89.16622432191284	312.797571117418	153.9587977444333	248.9602272906538	149.18172576009312	2934.253472729876	133.6938472442539	86.19785238749154	131.97464788732395	197.91657808580297	128.8986440761083	190.29446180854754	3497.530278809346	213.74076054231676	56.22261488013471
PWY-7200	315.07519177912746	1311.5512826548356	290.28320899386625	179.85394879970985	306.8905798697879	1527.6328011753887	1656.8293867516459	618.6203718848919	1257.807524280598	1145.5348114547935	1089.025758817871	671.6717993031609	1263.2399633755624	1128.7166446963195	148.01655722928618	193.07313060856166	26.35896028804996	256.2877648641477	86.83819591883449	125.4981182342298	88.14849064499438	1545.1512961503427	56.464707734638225	63.4479952758529	0.0	163.05411783895164	0.0	204.6706991905609	2713.7306219332863	87.86650166455118	136.15714959987974
PWY-7208	699.5140068524415	4144.93691410965	1531.7571560331273	1315.9005143423335	1967.3184675299985	7483.684495886968	4839.7304657725335	2306.9593377099955	2855.5898237295423	8451.354674426668	2737.09272068047	2143.8493455606867	2599.4721716919003	2409.104769895469	478.9522182491982	389.9886981343625	193.38083879344182	655.726297744043	392.4646648739823	625.162171519888	499.94498265848694	6795.417854306319	461.5301948315747	151.64886682632073	188.46398786959818	435.18950922108206	453.25583468488287	460.89527609785176	19392.748725465684	824.4615189762827	441.7229638813165
PWY-7211	0.0	0.0	0.0	0.0	0.0	0.0	0.0	0.0	0.0	0.0	0.0	0.0	0.0	0.0	0.0	0.0	0.0	0.0	0.0	0.0	0.0	86.52001466646968	0.0	0.0	0.0	0.0	0.0	158.52130639912792	237.56398136808923	0.0	0.0
PWY-7219	641.9043632265336	3458.2069674213762	1507.23079328253	1304.854210537076	1929.4689416811248	6170.667554659105	4135.518300619567	2049.6057605186775	2575.3659404511577	6963.648577777537	2453.47161142107	1963.6195784353663	2327.0722585434096	2089.952366094644	421.81999146878996	351.58445847498785	182.57054582904223	606.7330483776958	382.8261899633857	601.0645059927278	487.83019754114855	6671.263239638589	452.99988647973663	140.05960617349652	188.46398786959818	404.12126988782165	455.3560731165652	422.0824150943396	15993.196409513646	824.3694248203511	382.64358788880855
PWY-7220	577.6340304182509	3240.49434886276	756.3605653595655	469.40491734739817	761.4183206106871	5911.605670440416	3938.8271070119863	1585.4321489460435	2493.2454225902206	6552.431257333182	2241.180818555255	1459.874678847063	2427.478832017425	2151.0780610666025	310.4714285714286	355.4755672882498	81.22896532120524	513.863211327812	215.78741197183098	256.06535038932145	187.8489231024609	3380.4226391692405	131.0249736194161	123.95632333767928	119.69835466179158	319.0623556581986	113.68278179937953	383.49897360703807	14766.313978494625	143.00119272162434	407.34237675224443
PWY-7221	615.4585540279957	3382.3971618447767	1288.7927278292902	1114.5562959842393	1572.4834504140574	6095.379345706656	3986.988913883613	1890.7600947472383	2390.843628041194	6799.459433835016	2273.358105439167	1770.6101535936957	2182.623887465717	2012.6508086265344	380.90090570058607	328.55023565096707	172.30327553920228	543.3063222230452	331.8351319247538	514.0484106843209	426.9509355078446	5565.1940568127975	382.67001100560515	136.65358091090505	173.32535885167468	355.33389882788407	374.1595015698048	393.1476900254134	15643.22672816585	681.7289862247043	376.3171760948905
PWY-7222	577.6340304182509	3240.49434886276	756.3605653595655	469.40491734739817	761.4183206106871	5911.605670440416	3938.8271070119863	1585.4321489460435	2493.2454225902206	6552.431257333182	2241.180818555255	1459.874678847063	2427.478832017425	2151.0780610666025	310.4714285714286	355.4755672882498	81.22896532120524	513.863211327812	215.78741197183098	256.06535038932145	187.8489231024609	3380.4226391692405	131.0249736194161	123.95632333767928	119.69835466179158	319.0623556581986	113.68278179937953	383.49897360703807	14766.313978494625	143.00119272162434	407.34237675224443
PWY-7228	404.3329840712827	1803.6196710342347	320.3241025900737	222.58111817356433	326.8255189116964	2316.9696438520104	2081.0092481604656	650.2911099423703	1577.9329229826221	1208.152631607409	1300.6914376817447	756.1167930233263	1634.061849032028	1653.4688833767668	166.99040626808477	256.4807182875704	25.807649337641912	313.22266816278494	99.57048374821863	135.35132878536535	104.18027156196538	1690.8663663528837	74.11741016237124	79.90567845117063	0.0	199.7842241225558	0.0	268.9921031978158	2951.9720242587923	91.33919355203524	378.3068113265593
PWY-7229	621.4806904980527	3429.371621139921	1225.4656868751647	916.9798877405674	1418.2406860149408	6148.751443403424	4082.296410997999	1923.1746279496133	2572.970459116447	6830.287932606419	2415.443660972303	1831.2050330729978	2362.8621782971395	2143.0656085515693	393.13461985465096	355.1425380104316	139.4320905482971	587.3154344942109	325.48519765345765	456.79423402386425	353.989854147969	5459.875457911968	285.2899434147975	134.9449140260554	166.76887401574984	385.37560038468797	262.39989750798105	414.68904377395563	15582.79523405049	379.60323762388765	401.53184320664207
PWY-7234	496.26904961796987	1549.594383016386	557.2923450854673	226.79159159159158	630.7601636311715	1770.2964940949062	2117.9664551345013	882.9650338251331	1936.0068576078477	1247.3737893819682	1698.3166477823604	1047.605638086843	1927.8502915650288	1677.1023569476297	231.74987368642974	303.66721707100214	47.56476683937824	429.4629232747536	169.512963904423	197.9733234531308	251.93374553797992	1445.8736122044804	142.749498997996	106.28717948717949	0.0	275.88582014146175	0.0	316.19210977701545	2827.976104446006	189.97949954778417	359.67071806725824
PWY-7237	18.761609907120743	5.0	91.39736842105263	88.48118279569893	40.02768166089966	30.0	36.363157894736844	52.12206572769953	81.85835694050992	25.0	80.0	109.5	58.44274809160304	34.0	0.0	0.0	0.0	0.0	0.0	0.0	55.0	197.99999999999997	0.0	0.0	64.0	0.0	22.0	0.0	46.97872340425533	14.215384615384615	0.0
PWY-7242	220.36383237402572	536.2485519731299	986.8074198914461	827.8312664700059	1424.9807359646136	455.0709014051692	668.76077408596	876.2222418568485	864.8830992189564	534.5048693005523	894.8703574006765	776.0556158836039	736.1260563791471	417.24247370848605	222.48867786705628	130.963873852813	20.658554044380814	320.3042063530773	205.1025444805816	238.48658483337735	270.0659037682913	4045.8714701128415	394.60301281485516	57.33739837398373	173.32535885167462	59.739799513159824	390.6595687663097	71.4840452325345	1469.9580011127634	434.2672980015914	33.495535714285715
PWY-7315	213.92691254851894	69.05149481939316	478.1432029237619	502.22702913496397	668.7369813213131	130.1926605488946	277.6401180546019	317.45198544651925	466.74047993231994	233.1197064408438	185.24552381753932	421.4234690484432	352.4770177863936	60.202486007875656	0.0	58.72439173034551	116.7735129006388	27.00436852287414	47.2876871329781	77.81468686654476	0.0	2019.0448757212998	31.53146972684072	47.78859415915405	0.0	0.0	67.32602071907374	22.125030273007486	224.0877555473743	106.47984845643802	23.688414290055128
PWY-7323	165.1133827151214	497.5810131465607	401.7211654160014	207.98073663706043	557.3298740950039	187.0859293314914	413.37617626404915	410.37842605787387	395.26375306584634	166.20483188239942	468.88987222712205	401.20924214726506	323.55306827215446	236.40180861075942	26.69523981247746	86.68057284074845	19.227005801796192	85.78084493041155	80.21413283260289	102.05499826326947	74.96706602063499	1720.6801219116055	41.359828683000565	55.808617599417246	103.88248337028826	53.78568846537697	81.96713447435866	118.00329358445755	789.2791012148004	143.56527283507276	43.522507325782726
PWY-7328	0.0	0.0	115.96111960846055	165.9906887915612	40.62979387136374	34.802320132970195	0.0	63.00146327561492	94.40481479472659	95.92867658087364	68.23719609813097	83.74956849273983	244.2862559902833	0.0	0.0	0.0	0.0	0.0	0.0	0.0	0.0	569.5341298320426	0.0	0.0	0.0	0.0	0.0	0.0	167.7946012141552	0.0	0.0
PWY-7332	0.0	0.0	327.1151029907665	313.1970901010445	419.1356091371679	277.300356094231	335.2999917894304	200.68187277259122	374.29821495348557	0.0	0.0	184.04206930360928	320.9215256038813	0.0	0.0	68.49035544938945	0.0	0.0	0.0	0.0	0.0	829.2492115053209	0.0	0.0	0.0	0.0	64.95964799793465	0.0	422.1737806147267	97.4367391308305	0.0
PWY-7392	363.058806019816	868.7541441246007	475.3002028122318	220.61079264255744	573.7527410389538	915.0947522138504	1476.621235613661	1142.1293316592908	1409.2331377307523	1537.2837796346664	1349.7702324395452	1060.162610888597	1178.435145278471	742.6802833148352	231.367565802301	173.940624146698	45.4399123757237	330.2544019296661	151.7402600929808	220.6616757459719	173.52037084545546	1554.8871931834244	134.58778407468517	79.31791065328473	0.0	214.13880892811653	0.0	227.3960881942757	3201.0183258008115	181.50627156412202	54.139465620391654
PWY-7400	375.2422307552214	795.7756891819658	1167.6661965247217	1069.7226817224546	1532.7454407499388	938.751590244663	1414.6449906974785	1119.6172174302922	1553.7307294808288	1201.4741808289748	1481.4210392374573	1393.2346022610682	1269.6076704138654	836.3570546456654	235.26851963157785	161.4082033609368	147.21082038633836	396.1699305688161	289.7299625351563	487.7261874347272	381.76913343206854	5382.2332055439265	352.02640301878876	63.21780212544529	112.36815675357354	275.2581061842633	369.28578199847044	290.4207072124798	2570.4973373364683	662.2958679962143	36.34540221121987
PWY-7456	0.0	0.0	0.0	0.0	0.0	0.0	0.0	51.567151076153344	0.0	0.0	80.80659811059682	0.0	0.0	0.0	0.0	0.0	0.0	0.0	0.0	0.0	0.0	103.21999318385201	0.0	0.0	0.0	0.0	0.0	0.0	0.0	0.0	0.0
PWY-7539	286.7206260138464	650.5896003471034	666.6761082962682	515.8308652664225	912.2279669376061	595.1059499249234	649.6039064782035	697.8339516037005	754.4445788861393	736.2013057621269	763.9266701682745	568.0722277939559	661.0498431509236	412.39450970248697	208.36966939174934	80.51498458583919	66.64342345610979	277.2680895005418	154.716359315171	246.5839462453464	193.40458642693224	2982.363215936034	274.99466859541724	61.54854502399091	177.70267379679143	101.62038558831516	127.61298515540233	129.81258222193074	1269.527418849219	274.9042700081774	18.0
PWY-7560	378.3648860090408	720.3476750815256	1250.4894028318506	1139.4450860174977	1622.09388880267	739.0575361711394	1255.2799287715666	1192.1172656685112	1344.392316330191	1245.2552439632505	1340.5087192132448	1324.8775537988197	1062.9402122271515	633.1843915744932	228.81934024596887	155.3667636646289	157.38410298286982	371.77782717536525	290.13412136805243	467.1371428934078	383.48574240650595	5656.550140625108	376.8529446267327	87.62922898385969	171.87493403693935	240.56250523764479	403.44924357936117	242.01256927732314	2556.847490859323	674.6747552916326	41.78379200747025
PWY-7663	656.802248877571	1793.6083015349413	1509.99510936587	1334.2404344125264	1928.0386178817587	2002.1911581382965	2408.330754496844	1624.6037157655971	2333.4386145350472	1818.3873791049652	2212.323871604788	1850.0513972616975	2151.429515401578	1914.9581797725668	336.0592762656467	346.16684759009985	182.17100643651258	595.831128622446	373.76816193616935	602.3299331155711	486.8407557048062	6602.592079045062	468.27733151066195	139.13125695216905	181.0466926070039	379.6463800583471	477.0863736783759	416.9661262324901	4190.102260355994	821.5946969178975	380.2244305973356
PWY-841	480.3302242663346	1764.6268433239782	495.1176646671191	353.9490729378247	521.7397824872705	2122.528283595121	2203.7649382931263	880.1442681783144	1833.6887044604412	1404.9831668377751	1580.0854980076363	1011.5062660146187	1830.1395019397607	1707.1591852998388	214.84811835753595	287.79429296665074	41.93099736518865	395.4100157981595	148.50996514211027	206.89272683457264	160.88274008274362	2533.708510570554	118.69145600306031	98.4455720413542	0.0	256.39369787012294	0.0	315.13236419259994	3287.3363630108706	152.48922371661226	371.1867737426672
PWY-922	151.9560110366575	2368.611575738742	132.48060708263068	50.9044997152079	155.73418495617312	4774.1171966983275	2562.658987941875	733.984145080762	1048.7130060821814	5159.38147729923	910.7042820347715	506.0458139406633	985.7738704142495	1010.9055319039197	167.0922302962549	128.84139784946237	11.139954853273137	178.99424698729544	49.55834970530451	51.01555136663526	52.18796271893044	368.93998950495325	36.6659217877095	0.0	0.0	81.4616628958647	0.0	113.54430379746834	12057.736364674376	44.830124575311444	46.70103092783507
PWY0-1061	0.0	0.0	0.0	0.0	0.0	0.0	97.08633052585053	0.0	35.70134896388513	0.0	0.0	0.0	0.0	0.0	0.0	0.0	0.0	0.0	0.0	0.0	0.0	130.44732919258504	0.0	0.0	0.0	0.0	0.0	0.0	0.0	0.0	0.0
PWY0-1261	0.0	0.0	0.0	0.0	0.0	0.0	134.3863955696853	0.0	0.0	0.0	0.0	0.0	0.0	0.0	0.0	0.0	0.0	0.0	0.0	0.0	0.0	1971.4196209995575	0.0	0.0	0.0	0.0	0.0	0.0	0.0	0.0	0.0
PWY0-1296	501.90091496623336	1356.1623444617212	1195.3575725397957	1058.7997005060415	1529.5639884831394	1654.3332121574274	1930.34795662977	1168.626280681447	1943.3037939162646	1478.6746898905214	1737.8063426809574	1491.746613849077	1828.4449388209118	1509.2976644078424	268.25624496373894	281.55475485780465	147.96710526315792	476.1620320855615	277.9842295081968	465.0230265736459	377.7625551232166	5223.066724016388	357.7553448971359	95.63492063492063	211.92966534316508	324.1401987201078	395.90306545153277	263.26813901966216	3234.565758362802	661.3674927193803	325.81235521235516
PWY0-1297	456.57519059764985	1860.6575070433507	801.2029978162169	792.7392917024266	1010.7693968102601	2416.0065494033875	2391.785637926122	1200.2366139892697	1804.5323288384673	2289.8678560517446	1655.1853606504646	1396.784480618828	1669.8032249094858	1535.5709688078512	224.7776463148412	248.6337600035898	146.4593368925484	360.9587477584019	235.66766567609037	429.24690287834056	271.415914830427	3845.7766354856285	231.7998527503881	92.45524296675191	124.21561072985567	316.9515690056723	306.0997923391779	268.7122281725369	5062.289253422556	556.337415745892	319.27004991180246
PWY0-1298	432.92668536134056	1446.451318022508	815.934857668552	801.9262756513687	1212.4723674260974	1919.8116815564206	2026.1373785772846	1179.9207601803453	1726.509034355943	1683.745489819873	1566.4000557619029	1335.3982733293055	1632.0083743155483	1497.699909524153	250.15481466119692	241.94486060713373	145.35406034346468	417.91827180137625	237.6901486840161	424.58981013521174	299.17653990135875	3879.6558841836286	311.1354736203475	88.68006647147266	0.0	290.73495960750034	303.6898494521305	249.64561631035346	3600.050286353945	555.1081214598772	316.7040664357495
PWY0-1319	646.139838649811	3418.124855497478	1565.0433047883243	1378.4363468838121	2043.1656367458584	6162.664760460391	4149.93472599151	2080.956410892169	2652.475833486379	7004.881454500941	2503.4203338519415	2042.9394732800058	2387.8450051227455	2092.801077768796	440.1826679745781	349.9838207168933	193.2268970806138	617.250573294912	393.0167514279659	627.0334154394511	509.9429422498998	6923.948055431351	480.5109481779393	134.13117197122915	173.32535885167462	410.37242036784363	465.51870992030155	427.25272714283216	16001.988191332293	857.395888792162	382.2836558475993
PWY0-1586	635.3318161797092	3164.778365059062	1317.5485044823124	1231.3628709475051	1719.620911069097	6011.683548916014	4233.756435594026	1990.6193608701499	2685.4718593802068	7097.608155791163	2417.326276419322	1858.6531266809832	2452.861989694808	2103.3998876002656	456.2808510638298	298.733311834892	227.81474358974359	601.2422360248447	352.85239919722676	563.7359924026591	457.2158411819664	5792.195219004606	420.98931402964496	115.2241112828439	164.68847352024923	434.7672933016974	105.31654007130678	365.14555468135325	15537.371621672932	605.7146745470098	341.44800287873335
PWY0-162	475.51155848841057	2176.350914446084	473.4129794983685	342.29917525121596	496.50611592263596	2956.3923803863267	2558.476607715985	885.9501929179056	1897.3497499003638	1685.5569688353473	1629.6016914293436	1026.8927594225343	1872.5235409676761	1792.2976244852425	222.32809160046827	289.7511117023878	37.881796573392954	396.59548331444086	144.02290166645383	204.38816472424088	159.34080114558432	2492.922508849682	116.59613731303229	94.9285729122671	0.0	264.3683796794858	0.0	324.745401789572	4103.302541099768	152.40484075530733	366.98301617796125
PWY0-166	354.4575337869469	2020.8556603062625	360.4527671778495	266.0564015221789	370.76094619920406	2900.085849416066	2333.436017379213	771.8635015142145	1575.6750287712557	1740.3714638228184	1350.1886484008417	835.9287802001784	1579.7667020093022	1556.5250321710357	184.2023360918008	229.4475563394249	33.90726145849781	307.67536743100436	113.33190565805694	157.42910277327354	122.55783677313778	1929.1906178011466	66.84063470211368	70.3622840443219	0.0	200.85988871309453	0.0	256.85631818232844	4201.92083602936	112.04528531439679	332.9006633735762
PWY0-781	187.70442836418684	349.4075559568693	0.0	0.0	56.02576555560063	350.0387333380592	268.0204493994849	88.85672593730789	385.970961995696	276.0526621115697	400.53170177832783	204.18261634266005	238.57073853230597	378.2831350973442	0.0	0.0	0.0	85.5748168694505	0.0	150.36816852393162	64.60537213562897	700.89945092821	0.0	0.0	0.0	95.52845628322123	0.0	0.0	929.8106605663762	0.0	0.0
PWY0-845	48.718093612968374	0.0	0.0	0.0	0.0	0.0	0.0	73.18779929225558	0.0	0.0	50.39477299663688	0.0	0.0	0.0	0.0	0.0	0.0	0.0	0.0	0.0	0.0	191.7683709713253	0.0	0.0	0.0	0.0	0.0	0.0	0.0	0.0	0.0
PWY0-862	0.0	0.0	0.0	0.0	0.0	0.0	96.53400405662711	0.0	35.65758306756192	0.0	0.0	0.0	0.0	0.0	0.0	0.0	0.0	0.0	0.0	0.0	0.0	130.26383078466534	0.0	0.0	0.0	0.0	0.0	0.0	0.0	0.0	0.0
PWY490-3	259.88945535936335	77.43403334961278	511.58339797483296	437.45774404967227	1007.7867476767025	241.1951239737955	276.191185160445	411.5350654582227	598.057977936645	374.31093831000516	456.022871171986	362.49752758320915	524.7092613476177	155.2312224975975	235.3185185185185	50.687869822485204	128.25	235.32228778937812	73.44072433559145	99.24142280524723	214.56804428655764	1812.47946114095	402.1962858993738	44.41121495327103	87.3220338983051	28.404245183146305	234.1354725787631	8.58439099283521	934.5727803547876	259.509400179051	0.0
PWY4FS-7	549.2323551828666	3160.834320365198	1381.4045178552678	1243.2305469442356	1829.600187473269	5835.957063248793	3896.5479361261487	1870.6586611620585	2445.2236121949563	6628.478087686658	2292.542158390595	1878.7896666916386	2194.8823750709576	1949.637764152551	397.5315271498265	314.7510017494778	172.36228643007792	553.382986029331	351.77318494599825	565.5143049526141	457.5613267653322	6196.973411703369	423.1017053850811	106.21683458435353	107.27828699008612	367.1417396634624	413.0159615916632	391.44464841579264	15164.361056902862	775.68202815882	357.72665890986707
PWY4FS-8	549.2323551828666	3160.834320365198	1381.4045178552678	1243.2305469442356	1829.6001874732688	5835.957063248793	3896.5479361261487	1870.6586611620585	2445.2236121949563	6628.478087686658	2292.542158390595	1878.7896666916386	2194.8823750709576	1949.637764152551	397.5315271498265	314.7510017494778	172.36228643007792	553.382986029331	351.77318494599825	565.5143049526141	457.5613267653322	6196.973411703369	423.1017053850811	106.21683458435353	107.27828699008612	367.1417396634624	413.0159615916632	391.44464841579264	15164.361056902862	775.68202815882	357.72665890986707
PYRIDNUCSAL-PWY	177.0196670506608	482.74926458724696	1095.1869433130423	981.8309120326002	1488.7636435495297	446.7577018401742	954.7352536063776	1017.1299333080947	1146.0150439537417	1002.4660603009157	1144.5079625926821	1214.6210518917696	920.530107906493	474.1174177753415	222.0918399698731	152.059738484936	0.0	328.9944728973977	262.4449989091449	438.09284760732055	316.44758148062476	4946.800263325324	333.10870459342556	0.0	116.75920679886688	225.25496544297965	357.5533758312709	219.00355929413132	1968.830559778276	629.8750550238461	43.92171482030977
PYRIDNUCSYN-PWY	354.27632881521725	714.6747408007283	739.6830350750223	556.7382264763457	1081.3179101413987	639.3903122615731	847.8478444533265	803.0205790830427	883.1407444689288	1062.2593455316737	995.858359178866	786.6607032352593	801.490162805182	555.4160851570947	213.57935020306155	102.36516625305617	144.21439082715065	306.32921795783335	215.6991834341189	368.6541576871573	258.4242767182757	3611.341433025472	303.02550706529706	83.45621090259161	161.00000000000003	241.11541417112275	176.95110914287073	223.7426265967265	1695.4932782291435	391.8786762285263	25.407445488623363
PYRIDOXSYN-PWY	37.58739237083363	0.0	0.0	0.0	0.0	0.0	0.0	55.6017175818706	0.0	0.0	38.0270667188502	0.0	0.0	0.0	0.0	0.0	0.0	0.0	0.0	0.0	0.0	148.05729055802254	0.0	0.0	0.0	0.0	0.0	0.0	0.0	0.0	0.0
RHAMCAT-PWY	0.0	0.0	0.0	0.0	0.0	0.0	0.0	19.06758989594987	0.0	0.0	32.583371007212975	0.0	0.0	0.0	0.0	0.0	0.0	0.0	0.0	0.0	0.0	171.65393158524623	0.0	0.0	0.0	0.0	0.0	27.673311897106107	0.0	0.0	0.0
RIBOSYN2-PWY	290.75192377059034	787.6690252090368	810.9350368083591	602.0041116934756	1099.312369371081	727.2402044138512	905.7521683943306	872.793976733767	951.2893835073135	963.003840841565	1063.9898314048528	793.1871747199684	871.9497907949789	600.9245746996694	236.80897125043293	114.60303854339087	60.65307057745188	333.0215171407732	177.10440122824974	258.417055296469	310.38581176067197	3342.0457907592804	340.2943686006826	60.5828729281768	161.00000000000003	95.96597145993412	320.03025524424237	158.99160879629628	2713.689819449342	386.72239965678335	25.447013838310273
RUMP-PWY	280.0653579183935	278.15473651777836	245.6499351446703	175.02300840639987	219.75031352985076	376.7270806488955	311.8651996021487	352.04684241609306	385.9166913317303	377.73286124132545	476.52748656929225	472.17350813947684	247.02649536576263	308.7214271617186	0.0	35.141269324137895	29.316864753720473	72.82213269595874	53.46660501307463	116.33199267462432	86.53091465932329	997.646663439641	37.676907521378574	57.30819933666401	87.73338795096117	79.01613891726251	53.356264947898914	67.27076721512724	688.3743922526733	68.86961102315408	0.0
SALVADEHYPOX-PWY	0.0	107.76151434294793	263.54896324045876	208.21943947228365	171.7211879563026	200.80906365172632	399.8303247866274	298.1748741647577	286.8352958437633	308.68692569424684	383.05568426786095	426.23910073429295	250.1205783870712	252.38996142699466	0.0	0.0	0.0	59.44855995242766	72.91475643656581	60.51320227607151	91.07665301056595	1132.6256114760477	0.0	0.0	161.34121943770995	27.748662342319253	59.422689571964405	67.51877802205851	592.6028062790583	93.00528732649573	0.0
SER-GLYSYN-PWY	571.1836674528303	1147.9247605740431	1390.9773460552599	1243.3341367642468	1714.553101838112	1418.0038896791975	2054.2635948670954	1458.7591583677029	2052.8046581285453	1438.6808728204096	1969.9115769498776	1644.8006618159327	1600.130038380631	1174.3559785665384	249.38297978577754	270.96271729185725	177.34016655989748	494.022507228801	341.6975391498882	547.3816743510376	457.14535636484976	5878.570849551995	403.04343484772835	125.14311926605507	173.32535885167468	295.46269278866197	433.15310940781814	328.82039747276957	3515.54430720863	747.5540914372864	56.2974552957359
SO4ASSIM-PWY	0.0	0.0	9.145691906005222	10.214749458964542	0.0	0.0	8.432432432432432	19.267265757556714	0.0	0.0	20.574886535552196	11.466854346206093	0.0	0.0	0.0	0.0	0.0	0.0	0.0	0.0	0.0	52.83976236298218	0.0	0.0	0.0	0.0	0.0	0.0	0.0	0.0	0.0
SULFATE-CYS-PWY	0.0	0.0	20.379332284789303	22.635119509831338	0.0	0.0	18.785726009251245	42.435573234695624	0.0	0.0	45.45406051874118	25.46101724558772	0.0	0.0	0.0	0.0	0.0	0.0	0.0	0.0	0.0	117.36182617083212	0.0	0.0	0.0	0.0	0.0	0.0	0.0	0.0	0.0
TCA	0.0	283.52685616153116	74.74063072468546	59.338872437819866	0.0	0.0	94.77862882387248	0.0	194.34632754871618	45.36657069684113	0.0	58.903104967948636	0.0	0.0	0.0	0.0	0.0	0.0	0.0	0.0	0.0	1442.946416036107	0.0	0.0	0.0	0.0	0.0	129.30007807538473	400.49512298060245	0.0	0.0
TEICHOICACID-PWY	210.16100512069	1362.7294224411507	134.2120394097556	73.24023150757704	176.1262913323964	1686.4502037261846	1313.8979009177056	387.57053086412094	536.6510503082443	992.851690850947	416.8994107725915	262.20267764053006	279.4076974643616	593.5448930592652	115.24649417789983	31.19882976948007	18.807284048235996	63.13842233196812	21.121785892433735	35.77638432284859	30.005110027498564	450.31169514792435	27.96217671304847	47.98760518394505	0.0	68.91199236991203	33.73565844218516	27.354782928977315	2000.9707029461215	68.02493876642174	0.0
THISYN-PWY	219.93443046038362	502.1924671876907	278.68117836722934	122.93648839939851	170.3632484768583	177.55079700999946	175.71898719746778	349.6410999260981	182.26509099541494	57.420572649310614	269.1302675932319	127.21097967020013	175.69294457631597	162.4198659922823	38.827637243508306	62.940538467035964	27.207277101481566	95.66324979749912	56.76592941295043	54.76895915482258	57.342918277581845	1422.3330496415979	64.59874580570514	69.69001571244337	134.71761362128393	73.65783443758542	76.55073513977933	105.20148962042681	356.603804554612	54.948805387753296	20.950525260840777
THRESYN-PWY	543.7820502961097	1295.4924982638704	1327.4975415167714	1154.610886101032	1643.0067688205454	1544.0422137309245	1861.7405368010916	1381.4562818383974	1743.1903708479465	1386.5095864903717	1735.5527515246217	1513.743202842745	1675.0988241009952	1525.0624852485425	253.9208397832582	277.4198421617324	169.74081690540348	483.77200454587893	351.22514094382916	546.0440724033753	445.20474226854634	5978.1738553954565	387.05349031806577	129.3783602076468	184.06794682422452	345.2533911593618	402.3535547827718	333.79759414907375	2931.9612190260455	756.9911513772037	329.77240809351224
TRNA-CHARGING-PWY	538.2453347511665	2114.7181028856953	1320.6300648036427	1139.4403443449255	1668.343634064438	2993.6342361190527	3003.1040529224542	1732.427549195925	2122.3380966956606	4235.80813937827	2049.4651870031935	1692.6677981219143	1876.6336884084	1511.5011167142393	343.77336028887925	279.4693046427053	159.12449810482957	513.930951971963	332.0930314754175	517.5915886948376	427.02255366926465	5802.306971778886	388.8737187915774	119.71985745313638	174.61838631929302	337.6170256702971	394.78024281980083	350.74854476345786	9060.311561639392	711.9573227859818	176.354283763467
TRPSYN-PWY	268.00270776758504	660.9028644269841	1009.359689174337	849.5405441175308	1451.5600691112977	474.73408266450394	900.6817744707179	880.9681856725032	1072.6994581831198	775.0392275741875	1061.2903362598354	904.051566760094	974.3570510538677	568.3498022228367	228.2192881745121	132.98373644703918	50.14833968426783	355.98052469037606	254.584498639274	410.66290746587237	270.7409422753381	4699.20054337324	365.6684791300176	56.67487684729063	166.67022411953045	268.526969555396	373.26182838813156	235.01968111609372	1868.1648758891633	626.1438865657165	42.798546481229735
UDPNAGSYN-PWY	340.3000756825821	2805.156693835456	817.1265165299188	720.0741667731154	961.1613919356074	5234.004004113684	3307.9675673892502	1350.8011668239815	1888.0110266682632	5842.4167838389185	1706.3426963750846	1371.88424951923	1699.2126477965633	1662.5213363576554	233.29865188595048	245.98431587978595	77.89433969343025	334.2850863669371	195.07520297517033	297.67218087047934	251.1644218727232	4016.3972243045164	70.60242894110846	65.40866477033646	0.0	216.9561465856758	113.32103208717704	290.8501456064083	13393.587753030273	272.4008986985816	323.11762903966917
VALSYN-PWY	648.6828710152337	987.0916365762884	1585.0462901348023	1416.1618760710533	2111.0657265076743	1088.4649153239016	1672.7521236092955	1589.1629229636367	2035.1026388124656	1638.4788259242398	2039.6937254030054	1819.9547290403254	1698.5978391475485	1029.4078600888984	362.1248501402218	235.96600296615284	213.7490161279114	605.6334615715513	391.94398196044864	636.1821102045498	492.5261669205945	7136.828523510556	521.7116827491697	134.99339192791336	212.62650629926435	326.34412795567107	504.00509682480197	332.39192809197164	3443.4017592165774	853.2778684172264	56.742506315221675
